,title,album,release_date,featured_artists,producer_artists,writer_artists,genius_track_id,genius_album_id
0,0 to 100 / The Catch Up,#FYM12,2014-06-01,[],"['Chester Hansen', 'Vinylz', 'Ging', 'Boi-1da', '40', 'Nineteen85']","['Chester Hansen', 'Ging', 'Nineteen85', 'Drake', 'Boi-1da', '40', 'Vinylz']",156640,914226.0
1,10 Bands,If You’re Reading This It’s Too Late,2015-02-13,[],"['Ging', 'Sevn Thomas', 'Boi-1da']","['Sevn Thomas', 'Ging', 'Boi-1da', 'Quentin Miller', 'Drake']",703738,119674.0
2,1Xtra Freestyle,Tim Westwood I Freestyles,2010-06-11,[],['Tim Westwood'],['Drake'],421444,883007.0
3,2,<single>,,[],[],[],2457033,
4,2011 Juno Awards In Toronto,<single>,2011-03-26,[],[],[],214614,
5,2016 MTV VMAs Vanguard Award Intro for Rihanna,<single>,2016-08-28,[],[],['Drake'],2846923,
6,24,<single>,,[],"['Kanye West', 'Ojivolta', 'Warryn Campbell', 'Cory Henry', 'Brian Miller']","['Warryn Campbell', 'Cory Henry', 'Brian Miller', 'Mark Williams', 'Raul Cubina', 'Drake', 'Consequence', 'KayCyy', 'Kanye West', 'Malik Yusef', 'Al Be Back']",7475353,
7,305 to My City,Nothing Was the Same,2013-09-24,['Detail'],"['The Order', 'Detail']","['Sool Got Hits', 'Soko7', 'Dre Moon', 'Drake', 'Detail']",217281,40475.0
8,30 for 30 Freestyle,What a Time To Be Alive,2015-09-20,[],['40'],"['40', 'Drake']",2311376,131405.0
9,30 Hours (Reference),<single>,,[],[],['Drake'],6168379,
10,4422,More Life,2017-03-18,['Sampha'],['FrancisGotHeat'],"['FrancisGotHeat', 'Sampha']",3028680,286515.0
11,4PM in Calabasas,Care Package,2016-06-04,[],"['Allen Ritter', 'Ging', 'Vinylz']","['Ronnie Wilson', 'Matthew Wilder', 'Vinylz', 'Oliver Scott', 'Sylvia Robinson', 'Grandmaster Melle Mel', 'Duke Bootee', 'Ging', 'Clifton ‘’Jiggs’’ Chase', 'Brian Alexander Morgan', 'Greg Prestopino', 'Allen Ritter', 'Drake']",2489756,549691.0
12,5AM in Toronto,Care Package,2013-03-07,[],"['Allen Ritter', 'Nikhil Seetharam', 'Vinylz', 'Boi-1da']","['Bobbie Gentry', 'Allen Ritter', 'Boi-1da', 'Vinylz', 'Nikhil Seetharam', 'Drake']",124418,549691.0
13,6 God,If You’re Reading This It’s Too Late,2014-10-25,[],"['Ken Lewis', 'Boi-1da', 'Syk Sense']","['Ken Lewis', 'Syk Sense', 'Boi-1da', 'Drake']",500858,119674.0
14,6 Man,If You’re Reading This It’s Too Late,2015-02-13,[],"['Daxz', '40']","['Daxz', 'The Roots', 'Jill Scott', '40', 'Quentin Miller', 'Drake', '?uestlove', 'Black Thought']",703756,119674.0
15,6PM in New York,If You’re Reading This It’s Too Late,2015-02-13,[],"['Sevn Thomas', 'Ging', 'Boi-1da']","['Sevn Thomas', 'Boi-1da', 'Drake', 'Ging', 'Kenza Samir']",703730,119674.0
16,7am On Bridle Path,Certified Lover Boy,2021-09-03,[],"['Dude Clayy', 'Maneesh', '\u200bknd', 'Dez Wright', 'Cardo']","['\u200bknd', 'Cardo', 'Dez Wright', 'Maneesh', 'Drake']",7165567,585647.0
17,8 Out of 10,Scorpion,2018-06-29,[],"['OB O’Brien', 'Boi-1da', 'Jahaan Sweet']","['The Notorious B.I.G.', 'Jeff Lorber', 'James lloyd', 'Andreao “Fanatic” Heard', 'Arthur “T-Boy” Ross', 'Leon Ware', 'Abrim Tilmon', 'OB O’Brien', 'Jahaan Sweet', 'Boi-1da', 'Drake']",3807743,420582.0
18,9,Views,2016-04-29,[],"['40', 'Brian Alexander Morgan', 'Boi-1da']","['Drake', '40', 'Boi-1da', 'Brian Alexander Morgan', 'David Harrisingh', 'Craig Harrisingh', 'Serani', 'Mavado']",2463393,132506.0
19,9AM in Dallas,Thank Me Later,2010-06-15,[],['Boi-1da'],['Drake'],514,2630.0
20,Aaronredbaron CTT Low freestyle,<single>,2017-07-07,['Aaronredbaron CTT'],['Aaronredbaron CTT'],['Drake'],7737003,
21,About the Game,Room for Improvement,2006-02-14,['Trey Songz'],['Boi-1da'],"['Boi-1da', 'Trey Songz', 'Drake']",201539,2625.0
22,Acapella,Drake Demo Disk,2006-01-01,[],['Boi-1da'],"['Boi-1da', 'Drake']",4427020,516437.0
23,After Dark,Scorpion,2018-06-29,"['Ty Dolla $ign', 'Static Major']","['Joe Capo Kent', 'Shaun Harris', 'Static Major', '40']","['40', 'Joe Capo Kent', 'Melvin “Wah Wah” Watson', 'Maxwell', 'Ty Dolla $ign', 'Static Major', 'Drake']",3807744,420582.0
24,A Keeper,"Honestly, Nevermind",2022-06-17,[],"['&ME', 'Wondra030', 'Rampa']",['Drake'],8110886,880669.0
25,A Little Favour (GQ Freestyle),<single>,2012-04-13,[],[],['Drake'],68760,
26,All Me,Nothing Was the Same,2013-09-24,"['2 Chainz', 'Big Sean']","['40', 'KeY Wane']","['Ice-T', 'DJ Aladdin', 'George Clinton', 'Maurice Yvain', 'Drake', 'Anthony Palman', '2 Chainz', 'Big Sean', 'Jacques Charles', 'KeY Wane', 'Albert Willemetz']",196551,40475.0
27,All This Love,Room for Improvement,2006-02-14,['Voyce'],['Exchange Student'],"['Exchange Student', 'Voyce', 'Drake']",18064,2625.0
28,Alton Sterling Statement,<single>,2016-07-06,[],[],[],2814812,
29,AM 2 PM,Room for Improvement,2006-02-14,['Nickelus F'],['Nickelus F'],"['Nickelus F', 'Drake']",2751,2625.0
30,A Milli Freestyle,<single>,,[],['Bangladesh'],['Drake'],79011,
31,A Night Off,So Far Gone,2009-02-13,['Lloyd'],"['DJ Anuedy', '40']","['Drake', 'Lloyd', '40', 'DJ Anuedy', 'JAY-Z', 'Beanie Sigel', 'Ronald Isley', 'Ernie Isley', 'Marvin Isley', 'O’Kelly Isley', 'Rudolph Isley', 'Chris Jasper']",5140,2627.0
32,Apology for Autism Line,<single>,,[],[],[],193900,
33,A Scorpio’s Mind,Room for Improvement,2006-02-14,['Nickelus F'],['AmiR (Producer)'],"['AmiR (Producer)', 'Nickelus F', 'Drake']",5170,2625.0
34,Asthma Team,Comeback Season,2007-09-01,[],"['DJ Revolution', 'Sid Roams']","['Sid Roams', 'DJ Revolution', 'Drake']",2931,2622.0
35,ATF Radio Freestyle,<single>,,[],[],['Drake'],68366,
36,At The Gates,Scary Hours 3*,,['Lil Uzi Vert'],[],"['Drake', 'Lil Uzi Vert']",7179459,918587.0
37,Baby Come With Me,<single>,,[],[],[],49098,
38,BackOutsideBoyz,Her Loss,2022-11-04,[],"['Rio Leyva', 'Dez Wright', 'Taz Taylor']","['Drake', 'Rio Leyva', 'Dez Wright', 'Taz Taylor', 'Lil Yachty']",8524067,966485.0
39,Back to Back,Feed The Streets 12,2015-07-29,[],"['Drake', '40', 'NAV', 'Daxz']","['Daxz', 'NAV', '40', 'Drake']",2266961,909633.0
40,Bad Meaning Good,Room for Improvement,2006-02-14,['Slakah the Beatchild'],['Slakah the Beatchild'],"['Byram Joseph', 'Drake']",18067,2625.0
41,Ballin,<single>,,[],[],[],5896332,
42,Ballin again,<single>,,[],[],[],5969268,
43,Barry Bonds (Freestyle),Comeback Season,2007-09-01,[],[],['Drake'],2747,2622.0
44,Beautiful Music,<single>,,[],[],['Drake'],1182,
45,Behind Barz,Top Boy (A Selection of Music Inspired by the Series),2019-09-13,[],['Richie Beatz (USA)'],['Drake'],4864687,561628.0
46,Behind Barz (Link Up TV Freestyle),Link Up TV Freestyles,2018-07-07,[],['Richie Beatz (USA)'],['Drake'],3824736,552569.0
47,Belly Shit,<single>,2009-07-12,['Belly'],[],[],6240,
48,Belong to the City (Demo),<single>,,[],['PARTYNEXTDOOR'],['Drake'],4941870,
49,Best I Ever Had,So Far Gone,2009-02-13,[],['Boi-1da'],"['40', 'Boi-1da', 'Joe Frank & Reynolds', 'Hamilton (US)', 'Kia Shine', 'Lil Wayne', 'Drake']",672,2627.0
50,Between Us,<single>,2009-09-01,['Slakah the Beatchild'],['Häzel'],"['Slakah the Beatchild', 'Drake']",81686,
51,Bitch Is Crazy,Comeback Season,2007-09-01,[],['40'],"['40', 'Drake']",18051,2622.0
52,Blackface Response,<single>,2018-05-31,[],['Drake'],['Drake'],3754945,
53,Blem,More Life,2017-03-18,[],"['Ging', 'T-Minus']","['Lionel Richie', 'Ging', 'T-Minus', 'Drake']",3028677,286515.0
54,Blind Faith (Come Back to Me),<single>,,['Billie Eilish'],['GOVI'],"['Drake', 'Billie Eilish']",6198225,
55,Blind Faith (Come Back to Me) [Demo],<single>,,[],['GOVI'],[],8759722,
56,Blue Tint,Scorpion,2018-06-29,[],"['Taz Taylor', 'JRHITMAKER', '!llmind', 'Supah Mario']","['Taz Taylor', 'JRHITMAKER', '!llmind', 'Supah Mario', 'Future', 'Drake']",3807754,420582.0
57,Body 2 Body (Lovesick),<single>,,[],['40'],['Drake'],5284400,
58,Brand New,So Far Gone,2009-02-13,[],['D10'],"['D10', '40', 'Drake']",4090,2627.0
59,Brand New (Remix),The Leak 4,2008-10-05,['Lil Wayne'],"['D10', '40']","['Lil Wayne', 'Drake']",92761,648536.0
60,Bria’s Interlude,So Far Gone,2009-02-13,['Omarion'],['40'],"['Verdine White', 'Maurice White', 'Timbaland', 'Missy Elliott', '40', 'Omarion', 'Drake']",4815,2627.0
61,Bullets Don’t Tickle*,<single>,,"['Westside Gunn', 'Benny the Butcher', 'Conway the Machine', 'Action Bronson', 'Jay Electronica']",['Just Blaze'],"['Drake', 'Jay Electronica', 'Action Bronson', 'Just Blaze', 'Westside Gunn', 'Benny', 'Conway the Machine']",5397386,
62,Buried Alive Interlude,Take Care,2011-11-15,['Kendrick Lamar'],"['Supa Dups', '40']","['Kendrick Lamar', 'Supa Dups', '40']",55602,10787.0
63,Cad,<single>,,[],[],[],7722910,
64,Calling My Name,"Honestly, Nevermind",2022-06-17,[],"['Gordo', 'LIOHN', 'Klahr', 'Beau Nox', 'Alex Lustig']","['Drake', 'Gordo']",8110887,880669.0
65,Calling My Name (Extended Version),<single>,,[],"['Alex Lustig', 'Beau Nox', 'Klahr', 'LIOHN', 'Gordo']",[],8148830,
66,Cameras,Take Care,2011-11-15,[],"['40', 'Drake']","['Drake', '40', 'Anthony Palman']",58342,10787.0
67,Can I,Care Package,2015-10-03,['Beyoncé'],['40'],"['40', 'Johnny Marr', 'Beyoncé', 'Drake']",1865293,549691.0
68,Cannonball (Snippet),Heartbreak Drake,2009-12-19,['Colin Munroe'],[],"['Colin Munroe', 'Drake']",3175723,359632.0
69,Can’t Go Back/Everything,<single>,,[],"['OZ', 'Dez Wright', 'Sven Thomas', 'Nineteen85']",['Drake'],7162843,
70,Can’t Have Everything,More Life,2017-03-18,[],"['Jazzfeezy', 'Steve Samson']","['Jazzfeezy', 'Steve Samson', 'Drake']",3028708,286515.0
71,Can’t Hide from Love Freestyle,<single>,,[],[],['Drake'],81757,
72,Can’t Take a Joke,Scorpion,2018-06-29,[],['ModMaxx'],"['ModMaxx', 'Drake']",3807748,420582.0
73,Cece’s Interlude,Thank Me Later,2010-06-15,[],['40'],"['Adrian X', '40', 'Drake']",4802,2630.0
74,Champagne Poetry,Certified Lover Boy,2021-09-03,[],"['J.L.L.', 'Maneesh', 'Masego', '40']","['J.L.L.', 'Gabriel Hardeman', 'Drake', 'Maneesh', 'Masego', '40', 'John Lennon', 'Paul McCartney']",6859296,585647.0
75,Charged Up,<single>,2015-07-27,[],"['Ging', 'Maneesh', '40']","['40', 'Ging', 'Maneesh', 'Drake']",2263716,
76,Chicago Freestyle,Dark Lane Demo Tapes,2020-03-01,['GIVĒON'],"['Noel Cadastre', 'Sevn Thomas']","['Drake', 'GIVĒON', 'Noel Cadastre', 'Sevn Thomas', 'Eminem', 'Jeff Bass', 'Steve King']",5310327,630537.0
77,Child’s Play,Views,2016-04-29,[],"['40', 'Metro Boomin', 'Nineteen85', 'Jordan Ullman']","['Drake', '40', 'Metro Boomin', 'Fat Boys', 'Kool Rock Ski', 'Buff Love', 'Prince Markie Dee']",2463387,132506.0
78,City Is Mine,Room for Improvement,2006-02-14,[],['Boi-1da'],"['Boi-1da', 'Drake']",3351,2625.0
79,Closer to My Dreams,Comeback Season,2007-09-01,['Andreena Mill'],"['Mike Tiger', 'Amp Live']",['Drake'],2387,2622.0
80,Club Paradise,Care Package,2011-09-10,[],['40'],"['40', 'Drake']",55579,549691.0
81,Comeback Season,Comeback Season,2007-09-01,[],['Nottz'],"['Nottz', 'Drake']",1217,2622.0
82,Come Real,Heartbreak Drake,2009-12-19,['Kyoko'],[],"['Kyoko', 'Drake']",57363,359632.0
83,Come Thru,Nothing Was the Same,2013-09-24,[],['40'],"['Noel “Gadget” Campbell', 'Drake', 'Anthony Palman', '40']",217280,40475.0
84,Come Winter,Room for Improvement,2006-02-14,[],['AmiR (Producer)'],"['AmiR (Producer)', 'Drake']",3100,2625.0
85,Comments on Macklemore’s Post-Grammy Text,<single>,,[],[],[],361188,
86,Company,If You’re Reading This It’s Too Late,2015-02-13,['Travis Scott'],"['Allen Ritter', 'TM88', 'Travis Scott', 'WondaGurl']","['Allen Ritter', 'WondaGurl', 'TM88', 'Travis Scott', 'Drake']",703732,119674.0
87,Concentrate*,<single>,,[],[],[],5701120,
88,Confusion (Remix),<single>,,[],[],[],8111103,
89,Congratulations,So Far Gone,2009-02-13,[],"['40', 'Megaman']","['Megaman', 'Chris Martin', 'W. Champion', 'J. Buckland', 'G. Berryman', '40', 'O. McWhinney', 'Drake']",815,2627.0
90,Connect,Nothing Was the Same,2013-09-24,[],"['Hudson Mohawke', '40']","['Kenza Samir', 'Hudson Mohawke', '40', 'Anthony Palman', 'Drake']",217268,40475.0
91,Controlla,Views,2016-04-29,[],"['Supa Dups', 'Di Genius', 'Allen Ritter', 'Boi-1da']","['Drake', 'Boi-1da', 'Supa Dups', 'Allen Ritter', 'Di Genius', 'Andrew Thomas', 'Patrick Roberts', 'Garu Jackson', 'Donald Dennis', 'Beenie Man']",2464123,132506.0
92,Controlla (Leak),<single>,2016-03-29,['Popcaan'],['Boi-1da'],"['Popcaan', 'Boi-1da', 'Drake']",2446919,
93,Corn,<single>,,[],[],[],7722905,
94,Crew Love,Take Care,2012-07-30,['The Weeknd'],"['Illangelo', '40', 'The Weeknd']","['Drake', 'The Weeknd', '40', 'Illangelo', 'Anthony Palman']",58497,10787.0
95,Currents,"Honestly, Nevermind",2022-06-17,[],"['Gordo', 'Black Coffee']","['Drake', 'Gordo', 'Lil Jon', 'LaMarquis Jefferson', 'Craig Love', 'Dirty Mouth', 'Donnell Prince', 'Lil Atlanta', 'TRESOR', 'Nathi Maphumulo']",8110885,880669.0
96,D,<single>,,[],[],[],2469366,
97,Dark Pink,<single>,2018-10-13,[],['Drake'],['Drake'],4051325,
98,Days in the East,Care Package,2014-04-03,[],"['40', 'PARTYNEXTDOOR']","['Robert Reives', 'Justin Parker', 'Ginuwine', 'Timbaland', '40', 'Mikky Ekko', 'PARTYNEXTDOOR', 'Drake']",384908,549691.0
99,Dead Presidents Freestyle,<single>,2007-01-14,[],[],['Drake'],602065,
100,Deceiving,<single>,,[],[],['Drake'],2612,
101,Deep Pockets,Dark Lane Demo Tapes,2020-05-01,[],"['Plain Pat', '40']","['Plain Pat', '40', 'Drake']",5433444,630537.0
102,Demons,Dark Lane Demo Tapes,2020-05-01,"['Sosa Geek', 'Fivio Foreign']",['JB Made It'],"['Sosa Geek', 'Fivio Foreign', 'JB Made It', 'Drake']",5235956,630537.0
103,Desires,Dark Lane Demo Tapes,2020-01-31,['Future'],"['Noel Cadastre', 'D. Hill']","['D. Hill', 'Future', 'Drake']",4825634,630537.0
104,Desires (Demo),<single>,,['Future'],"['Noel Cadastre', 'D. Hill']","['Future', 'D. Hill', 'Drake']",5218759,
105,Diplomatic Immunity,Scary Hours,2018-01-19,[],"['Boi-1da', 'Nick Brongers']","['Drake', 'Boi-1da', 'Nick Brongers', 'Maneesh']",3248485,391461.0
106,Doing His Thing,<single>,,[],['Terrel “T. Slack”'],"['Terrel “T. Slack”', 'Drake']",57394,
107,Doing It Wrong,Take Care,2011-11-15,[],['40'],"['Drake', '40']",53388,10787.0
108,Do It All,Young Sweet Jones,2010-07-15,[],"['Ayo The Producer', 'Rob Holladay']",['Drake'],841,881461.0
109,Do It Now,<single>,2009-06-20,[],[],['Drake'],49497,
110,Do Not Disturb,More Life,2017-03-18,[],"['40', 'Allen Ritter', 'Boi-1da']","['Leven Kali', 'Boi-1da', 'Snoh Aalegra', 'Allen Ritter', '40', 'Drake']",3028713,286515.0
111,Don’t Run,<single>,,[],"['Sevn Thomas', 'L8 Show', 'Bizness Boi', 'Baba Stilz']",['Drake'],3575512,
112,Don’t You Have a Man,Comeback Season,2007-09-01,"['Little Brother', 'Dwele']","['D10', 'Boi-1da']","['Boi-1da', 'D10', 'Little Brother', 'Phonte', 'Dwele', 'Drake']",18052,2622.0
113,Do What You Do,Room for Improvement,2006-02-14,[],['Boi-1da'],"['Boi-1da', 'Drake']",146202,2625.0
114,Do What You Do (Remix),Comeback Season,2007-09-01,"['No Malice', 'Nickelus F']",['Boi-1da'],"['Boi-1da', 'Nickelus F', 'No Malice', 'Drake']",18050,2622.0
115,Down Hill,"Honestly, Nevermind",2022-06-17,[],['40'],"['Drake', '40', 'Beau Nox', 'TRESOR']",8110896,880669.0
116,Draft Day,Care Package,2014-04-01,[],"['Syk Sense', 'Ducko McFli', 'Boi-1da']","['Lauryn Hill', 'Ducko McFli', 'Syk Sense', 'Boi-1da', 'Drake']",393612,549691.0
117,Drake [Discography List],<single>,,[],[],['Drake'],6982490,
118,Drake & DJ Semtex Interview,<single>,2017-02-18,[],[],[],2993982,
119,Drake Speaks,<single>,,[],[],[],3266998,
120,Drake’s Tattoos,<single>,,[],[],[],375979,
121,Drake’s Voice Mail Box #1,Room for Improvement,2006-02-14,[],['Boi-1da'],"['Boi-1da', 'Drake']",3033393,2625.0
122,Drake’s Voice Mail Box #2,Room for Improvement,2006-02-14,[],['Boi-1da'],"['Boi-1da', 'Drake']",3033398,2625.0
123,Drake’s Voice Mail Box #3,Room for Improvement,2006-02-14,[],['Boi-1da'],"['Boi-1da', 'Drake']",3033402,2625.0
124,Dreams Money Can Buy,Care Package,2011-05-20,[],['40'],"['Adrian X', 'Jai Paul', '40', 'Drake']",50202,549691.0
125,Duppy Freestyle,<single>,2018-05-25,[],"['Jahaan Sweet', 'Boi-1da']",['Drake'],3743307,
126,Easy,<single>,,['Young Thug'],"['40', 'Supa Dups']","['Drake', '40', 'Young Thug', 'Ashante Reid', 'Supa Dups']",3793736,
127,Easy to Please,Comeback Season,2007-09-01,['Richie Sosa'],['Rich Kidd'],"['Rich Kidd', 'Richie Sosa', 'Drake']",18053,2622.0
128,Elevate,Scorpion,2018-06-29,[],"['PARTYNEXTDOOR', 'Nonstop Da Hitman']","['G. Ry', 'Murda Beatz', 'Nonstop Da Hitman', 'PARTYNEXTDOOR', 'Drake']",3797175,420582.0
129,Emotionless,Scorpion,2018-06-29,[],"['The 25th Hr', '40', 'No I.D.']","['Kenza Samir', '40', 'No I.D.', 'The 25th Hr', 'Mariah Carey', 'David Cole', 'Robert Clivillés', 'Drake']",3807731,420582.0
130,Empire,J.U.S.T.I.C.E. For All,2016-01-25,['Rick Ross'],"['The Coalition', 'J.U.S.T.I.C.E. League']","['Erik Ortiz', 'Antoine Heard', 'Julius Dunbar', 'Kevin Crowe', 'Jon Bishop', 'Drake', 'Rick Ross', 'Kenny Bartolomei']",2412876,142638.0
131,Energy,If You’re Reading This It’s Too Late,2015-02-13,[],"['OB O’Brien', 'Boi-1da']","['Markus Kienzi', 'Richard dorfmeister', 'Phillip Thomas', 'OB O’Brien', 'Boi-1da', 'Drake']",703741,119674.0
132,ESPYs Conference Call,<single>,2014-07-11,['ESPN'],[],[],479474,
133,ESPYS: Honorable Mention,<single>,,[],[],[],479806,
134,Exposed (Voyce Diss),<single>,,[],[],['Drake'],111876,
135,Extra Special,Room for Improvement,2006-02-14,[],['Boi-1da'],"['Boi-1da', 'Drake']",4927,2625.0
136,Faded,Comeback Season,2007-09-01,['Nickelus F'],['Rich Kidd'],"['Rich Kidd', 'Nickelus F', 'Drake']",3288,2622.0
137,Fair Trade,Certified Lover Boy,2021-09-03,['Travis Scott'],"['WondaGurl', 'Travis Scott', 'Jahaan Sweet', 'Patron (Producer)', 'OZ']","['Mk.gee', 'Marcus Reddick', 'Teo Halm', 'Kyla Moscovich', 'Brandon Banks', 'D’Mile', 'Babyface', 'Varren Wade', 'Charlotte Day Wilson', 'OZ', 'Patron (Producer)', 'Jahaan Sweet', 'WondaGurl', 'Travis Scott', 'Drake']",6833653,585647.0
138,Faithful,Views,2016-04-29,"['Pimp C', '\u200bdvsn']","['Boi-1da', 'Nineteen85', '40']","['Drake', '40', 'Boi-1da', 'Nineteen85', 'Daniel Daley', 'Bryan-Michael Cox', 'Kevin Hicks', 'Johntá Austin', '\u200bdvsn', 'Pimp C']",2448795,132506.0
139,Faithful (Extended Version),<single>,2016-09-24,"['\u200bdvsn', 'Pimp C']",['40'],"['Boi-1da', 'Johntá Austin', 'Bryan-Michael Cox', 'Nineteen85', '\u200bdvsn', 'Pimp C', 'Drake']",2867496,
140,Fake Love,More Life,2016-10-23,[],"['Vinylz', 'Ging']","['John Whitehead', 'Gene McFadden', 'Leon Huff', 'Starrah', 'Ging', 'Vinylz', 'Drake']",2890553,286515.0
141,Fallen,<single>,2009-07-09,['Keshia Chanté'],['Tyrice Jones'],"['Nastacia Kendall', 'Leslie Pridgen', 'Keshia Chanté', 'Drake']",1272700,
142,Fall For Your Type,<single>,,[],[],['Drake'],1194,
143,Falling Back,"Honestly, Nevermind",2022-06-17,[],"['&ME', 'Rampa', 'Beau Nox', 'Alex Lustig']","['Drake', '&ME', 'Rampa', 'Beau Nox', 'Alex Lustig']",8110883,880669.0
144,Fancy,Thank Me Later,2010-06-15,"['T.I.', 'Swizz Beatz']","['Swizz Beatz', '40']","['Mary J. Blige', 'Swizz Beatz', 'T.I.', 'Henry Zant', 'Aubrey Johnson', 'Boi-1da', '40', 'Drake']",583,2630.0
145,Fancy (Dick Clark’s New Year’s Rockin’ Eve 2011) (New Verse),<single>,,[],[],[],3055,
146,Fancy (Remix),<single>,2010-12-03,"['Mary J. Blige', 'Swizz Beatz']","['Swizz Beatz', '40']",[],18062,
147,Fdfgsdg,<single>,2022-12-30,[],[],[],8648113,
148,Fear,So Far Gone (EP),2009-09-15,[],"['Bēkon', 'DJ Khalil']","['DJ Khalil', 'Chin Injeti', 'Bēkon', 'Drake']",842,31785.0
149,Feel No Ways,Views,2016-04-29,[],"['40', 'Kanye West', 'Jordan Ullman']","['Drake', '40', 'Future', 'Malcolm McLaren', 'Anne Dudley', 'Jordan Ullman']",2463398,132506.0
150,Final Fantasy,Scorpion,2018-06-29,[],"['Jahaan Sweet', 'Boi-1da', '40']","['Michel Legrand', 'Marilyn Bergman', 'Alan Bergman', 'Adrian X', 'Darrell Freeman', '40', 'Jahaan Sweet', 'Boi-1da', 'Drake']",3807764,420582.0
151,Find Your Love,Thank Me Later,2010-05-05,[],"['Kanye West', 'Jeff Bhasker', 'No I.D.']","['No I.D.', 'Plain Pat', 'Jeff Bhasker', 'Kanye West', 'Drake']",576,2630.0
152,Finesse,Scorpion,2018-06-29,[],['Noel Cadastre'],"['Noel Cadastre', 'James Fauntleroy', 'Drake']",3807760,420582.0
153,Fire & Desire,Views,2016-04-29,[],"['Hagler', 'Jordan Lewis', '40']","['Drake', '40', 'Cat Daddy Ro', 'Curtis ‘Sauce’ Wilson', 'Brandy', 'William Young']",2463392,132506.0
154,Fire in the Booth,<single>,2018-07-14,[],['Boi-1da'],['Drake'],3833965,
155,Fireworks,Thank Me Later,2010-06-15,['Alicia Keys'],"['40', 'Boi-1da', 'Crada']","['Alicia Keys', 'Crada', 'Boi-1da', '40', 'Drake']",581,2630.0
156,Fireworks (Demo),<single>,,['Alicia Keys'],['40'],['Drake'],6779469,
157,Flight’s Booked,"Honestly, Nevermind",2022-06-17,[],"['Klahr', 'Gordo', 'Kid Masterpiece', 'GOVI', 'Beau Nox', 'Alex Lustig']","['Drake', 'Gordo', 'Kid Masterpiece', 'TRESOR', 'Beau Nox', 'GOVI', 'Marsha Ambrosius', 'Natalie Stewart']",8110894,880669.0
158,Forever (Original),Heartbreak Drake,2009-11-25,"['Kidd Kidd', 'Lil Wayne']",[],"['Kidd Kidd', 'Lil Wayne', 'Drake']",3175720,359632.0
159,Fountains,Certified Lover Boy,2021-09-03,['Tems'],"['Batundi', 'TRESOR', 'Monsune', '40']","['TRESOR', 'Tems', 'Drake']",7165583,585647.0
160,Free Smoke,More Life,2017-03-18,[],"['Allen Ritter', 'Boi-1da']","['Perrin Moss', 'Simon Mavin', 'Paul Bender', 'Nai Palm', 'Hiatus Kaiyote', 'Danny Brown', 'Bryan Antoine', 'Tony Yayo', 'Allen Ritter', 'Boi-1da', 'Drake']",2992433,286515.0
161,Free Spirit,Care Package,2011-09-10,['Rick Ross'],['40'],"['Sade Adu', 'Stuart Matthewman', '40', 'Rick Ross', 'Drake']",55589,549691.0
162,Friends With Money,<single>,,[],['Tommy Gunz'],"['Tommy Gunz', 'Drake']",5380,
163,From Florida With Love,Dark Lane Demo Tapes,2020-05-01,[],"['40', 'MexikoDro']","['40', 'MexikoDro', 'Drake']",5447963,630537.0
164,From Florida With Love (Original),<single>,,[],"['40', 'MexikoDro']","['MexikoDro', '40', 'Drake']",5521782,
165,From Time,Nothing Was the Same,2013-09-24,['Jhené Aiko'],['40'],"['40', 'Jhené Aiko', 'Chilly Gonzales', 'Drake']",217270,40475.0
166,From Time (Demo),<single>,,['Jhené Aiko'],[],"['Jhené Aiko', 'Drake']",4933268,
167,Fucking Fans,Certified Lover Boy,2021-09-03,[],"['Aliby', '40', 'PARTYNEXTDOOR', 'Noel Cadastre']","['Aliby', 'PARTYNEXTDOOR', 'Noel Cadastre', '40', 'Drake']",7165549,585647.0
168,Furthest Thing,Nothing Was the Same,2013-09-24,[],"['Jake One', 'Hagler', '40']","['Cynthia Nunn', 'Drake', 'Adrian X', 'Anthony Palman', '40', 'Hagler']",217263,40475.0
169,Get Along Better,Certified Lover Boy,2021-09-03,['Ty Dolla $ign'],"['Noel Cadastre', 'Nineteen85', '40']","['Nineteen85', '40', 'Noel Cadastre', 'Ty Dolla $ign', 'Drake']",7165564,585647.0
170,Get Better,<single>,,[],[],[],5674367,
171,Get It Shawty (Remix),<single>,,[],[],['Drake'],202281,
172,Get It Together,More Life,2017-03-18,"['Jorja Smith', 'Black Coffee']","['Stwo', '40', 'Nineteen85']","['Stwo', 'Nineteen85', '40', 'Bucie', 'Black Coffee', 'Jorja Smith', 'Drake']",3006986,286515.0
173,Get Like Me,<single>,,[],['David Banner'],['Drake'],1535420,
174,Get Over It,<single>,,[],"['DJ Wrispect', 'Nicolay']",['Drake'],2532,
175,Girls Love Beyoncé,Care Package,2013-04-16,['James Fauntleroy'],['40'],"['Wade Brown', 'LaShawn Daniels', 'Fred Jerkins III', 'Rodney Jerkins', 'LeToya Luckett', 'LaTavia Roberson', 'Kelly Rowland', 'Beyoncé', 'James Fauntleroy', '40', 'Drake']",140797,549691.0
176,Girls Want Girls,Certified Lover Boy,2021-09-03,['Lil Baby'],"['OZ', 'Ambezza', '40']","['OZ', 'Ambezza', 'Lil Baby', 'Drake', '40']",7165581,585647.0
177,Give Ya,Comeback Season,2007-09-01,['Trey Songz'],['Terrel “T. Slack”'],"['Terrel “T. Slack”', 'Trey Songz', 'Drake']",52311,2622.0
178,Glow,More Life,2017-03-18,['Kanye West'],"['Noah Goldstein', '40', 'Kanye West']","['CyHi', 'Illangelo', 'Ilsey', 'Nineteen85', 'Philip Bailey', 'Sakiya Sandifer', 'Gabriel Garzón-Montano', 'Noah Goldstein', 'Maurice White', '40', 'Kenza Samir', 'Majid Al Maskati', 'Jordan Ullman', 'Malik Yusef', 'Drake', 'Kanye West']",3028702,286515.0
179,God’s Plan,Scorpion,2018-01-19,[],"['Cardo', 'Yung Exclusive', 'Boi-1da', '40']","['Drake', 'Cardo', 'Yung Exclusive', 'Boi-1da', '40', 'Brock Korsan']",3315890,420582.0
180,God’s Plan (Demo)*,<single>,,['Trippie Redd'],"['Yung Exclusive', 'Boi-1da', 'Cardo']","['Boi-1da', 'Drake', 'Trippie Redd', 'Yung Exclusive', 'Cardo', 'Brock Korsan']",4177882,
181,God’s Plan iran,<single>,,[],"['Yung Exclusive & Boi-1da', 'Cardo', '40']",['Drake'],7198588,
182,Going in for Life,Comeback Season,2007-09-01,[],['Exchange Student'],"['Exchange Student', 'Drake']",1851,2622.0
183,Good Night and Good Luck,<single>,,[],[],['Drake'],6010,
184,Good Ones Go (Interlude),Take Care,2011-11-15,[],['40'],"['Drake', '40', 'Chilly Gonzales']",58665,10787.0
185,Good Riddance (Aristo Diss),<single>,2009-03-02,"['JD Era', 'Jonny Roxx', 'Young Tony', 'Ken Masters', 'Bishop Brigante']",['Boi-1da'],"['Bishop Brigante', 'Ken Masters', 'Young Tony', 'Jonny Roxx', 'JD Era', 'Drake']",51974,
186,Go Out Tonight,<single>,2015-05-22,[],[],['Drake'],1891382,
187,Grammys,Views,2016-04-29,['Future'],"['40', 'DY Krazy', 'Cardo', 'Yung Exclusive', 'Southside']","['Drake', '40', 'Cardo', 'Brock Korsan', 'Future', 'Yung Exclusive', 'Southside']",2463404,132506.0
188,Greatness,Young Sweet Jones,2010-06-21,['Bishop Brigante'],['Rene Snaz Hill'],"['Bishop Brigante', 'Drake']",3001,881461.0
189,Growing Up,<single>,,[],[],[],8538927,
190,Gyalchester,More Life,2017-03-18,[],['\u200biBeatz'],"['Rico Brooks', '\u200biBeatz', 'Drake']",3028682,286515.0
191,Hate Sleeping Alone,Take Care,2011-11-15,[],['40'],"['Drake', '40', 'Trey Songz', 'Anthony Palman']",58634,10787.0
192,Headlines,Take Care,2011-08-09,[],"['40', 'Boi-1da']","['Drake', '40', 'Boi-1da']",52766,10787.0
193,HEATED (Demo),<single>,,[],"['Boi-1da', 'Jahaan Sweet', 'Sevn Thomas', 'Neenyo', 'Cadenza', 'Kelman Duran', 'Stuart White', 'Harry Edwards']",['Drake'],8240585,
194,Heat of the Moment,Care Package,2014-10-25,[],['40'],"['PARTYNEXTDOOR', 'Steve “Stone” Huff', '40', 'Avant', 'Drake']",240199,549691.0
195,"Hold On, We’re Going Home",Nothing Was the Same,2013-08-07,['Majid Jordan'],"['Majid Jordan', '40', 'Nineteen85']","['Nineteen85', 'Majid Al Maskati', 'Drake', 'Jordan Ullman', '40']",200546,40475.0
196,Hot 97 Freestyle,<single>,2009-04-21,[],[],['Drake'],1655,
197,Hotline Bling,Views,2015-07-25,[],['Nineteen85'],"['Drake', 'Nineteen85', 'Timmy Thomas']",2263723,132506.0
198,Houstatlantavegas,So Far Gone,2009-02-13,[],['40'],"['40', 'Drake']",1016,2627.0
199,How Bout Now,If You’re Reading This It’s Too Late,2014-10-19,[],"['Jordan Evans', 'Boi-1da']","['Boi-1da', 'DeVante Swing', 'Ransom', 'Jordan Evans', 'Drake']",546639,119674.0
200,HYFR (Hell Ya Fucking Right),Take Care,2012-04-24,['Lil Wayne'],['T-Minus'],"['Drake', 'Lil Wayne', '40', 'Kenza Samir', 'Anthony Palman', 'T-Minus']",58343,10787.0
201,Hype,Views,2016-04-29,[],"['CuBeatz', 'The Beat Bully', 'Nineteen85', 'Boi-1da']","['Drake', 'Boi-1da', 'The Beat Bully', 'Nineteen85', 'Kenoe', 'Tim Gomringer', 'Kevin Gomringer']",2463400,132506.0
202,Hype (Remix),Memorial Day Weekend 2016 Soundtrack,2016-05-21,['Lil Wayne'],"['CuBeatz', 'The Beat Bully', 'Boi-1da', 'Nineteen85']","['Lil Wayne', 'Drake']",2477388,911397.0
203,Ice Melts,More Life,2017-03-18,['Young Thug'],"['S1', 'Supah Mario']","['Starrah', 'Supah Mario', 'S1', 'Young Thug', 'Drake']",3028709,286515.0
204,I Could Never,<single>,,['Jorja Smith'],[],"['Jorja Smith', 'Drake']",3739064,
205,I Did (Grand Entrance),<single>,,[],['Boi-1da'],['Drake'],5397226,
206,I Do (Remix Verse),<single>,,[],[],[],65411,
207,I Do This,"Back for the First Time, Vol. 1",2009-08-15,['Belly'],[],"['Belly', 'Drake']",1804313,694.0
208,I Get Lonely,Care Package,2010-10-05,[],['40'],"['40', 'Dallas Austin', 'Drake']",1497,549691.0
209,Ignant Shit,So Far Gone,2009-02-13,['Lil Wayne'],"['Just Blaze', 'Eric Hudson']","['Drake', 'Lil Wayne', 'Just Blaze', 'Eric Hudson', 'JAY-Z', 'Beanie Sigel', 'Ronald Isley', 'Ernie Isley', 'Marvin Isley', 'O’Kelly Isley', 'Rudolph Isley', 'Chris Jasper']",1036,2627.0
210,I Guess It’s Fuck Me,Her Loss,2022-11-04,[],['TheLoudPack'],"['Drake', 'IsThisShiv', 'MixedByTheBest', 'Dougie F']",8524045,966485.0
211,I’m Goin In,So Far Gone (EP),2009-09-15,"['Jeezy', 'Lil Wayne']",['Needlz'],"['Nickelus F', 'Drake', 'Jeezy', 'Lil Wayne']",149,31785.0
212,I’m On My Way,<single>,,[],['Infamous'],['Drake'],57543,
213,I’m Ready For You,Young Sweet Jones,2010-08-02,[],['StarGate'],"['Drake', 'Mikkel Storleer Eriksen', 'Tor Erik Hermansen', 'Shi Wisdom']",1368,881461.0
214,I’m Ready For You (Full Length),<single>,,[],[],['Drake'],92772,
215,I’m still ballin again,<single>,,[],[],[],5727938,
216,I’m Still Fly,Heartbreak Drake,2009-12-19,[],[],['Drake'],3175721,359632.0
217,I’m Upset,Scorpion,2018-05-26,[],['Oogie Mane'],"['Oogie Mane', 'Drake']",3745302,420582.0
218,IMY2,Certified Lover Boy,2021-09-03,['Kid Cudi'],"['YUME', 'KanielTheOne', 'Houssam', 'Harley Arsenault', 'Clibbo', '3DDY']","['Juice WRLD', '3DDY', 'Clibbo', 'KanielTheOne', 'Houssam', 'Harley Arsenault', 'YUME', 'Kid Cudi', 'Drake']",7165582,585647.0
219,In My Feelings,Scorpion,2018-06-29,[],"['TrapMoneyBenny', '40', 'BlaqNmilD']","['Drake', 'Ibra Ake', '40', 'Yung Miami', 'JT', 'Phil “Triggaman” Price', 'Orville “Bugs Can Can” Hall', 'Magnolia Shorty', 'Lil Wayne', 'Rex Zamor', 'Jim Jonsin', 'Static Major', 'Deezle', 'TrapMoneyBenny']",3807759,420582.0
220,Inst,Drake Demo Disk,2006-01-01,[],['Boi-1da'],"['Boi-1da', 'Drake']",4427019,516437.0
221,In The Bible,Certified Lover Boy,2021-09-03,"['GIVĒON', 'Lil Durk']","['Leon Thomas III', 'Austin Powerz', 'Eli Brown', '40']","['Simon Gebrelul', 'Eli Brown', 'Austin Powerz', 'Leon Thomas III', 'GIVĒON', 'Lil Durk', 'Drake', '40']",7165576,585647.0
222,In The Bible (Demo),<single>,,['Lil Durk'],"['40', 'Eli Brown', 'Austin Powerz', 'Leon Thomas III']","['40', 'Eli Brown', 'Austin Powerz', 'Leon Thomas III', 'Lil Durk', 'Drake']",7166273,
223,In the Cut,<single>,,['Roddy Ricch'],"['Nils', 'CuBeatz', 'Boi-1da']","['Roddy Ricch', 'Drake']",5397199,
224,Intro,"Honestly, Nevermind",2022-06-17,[],['Kid Masterpiece'],"['Kid Masterpiece', 'Drake']",8111078,880669.0
225,Intro (Comeback Season),Comeback Season,2007-10-24,[],['Al Welsch'],"['Al Welsch', 'Drake']",372385,2622.0
226,Intro (Room For Improvement),Room for Improvement,2006-02-14,[],['DJ Smallz'],"['DJ Smallz', 'Drake']",333532,2625.0
227,In Two’s,<single>,,[],['DJ Comics'],['Drake'],8810778,
228,Invented Sex,<single>,,[],[],[],1825543,
229,I Stay Fly,<single>,,[],[],[],419,
230,Is There More,Scorpion,2018-06-29,[],"['Jeffrey Rashad', 'Preme', 'Wallis Lane']","['Jeffrey Rashad', 'Kenza Samir', 'Farsi', 'Nizzy', 'Preme', 'Static Major', 'Wallis Lane', 'Timbaland', 'Drake']",3631865,420582.0
231,Jaded,Scorpion,2018-06-29,[],['Noel Cadastre'],"['Hitmaka', 'Chrishan', 'A1', 'Ty Dolla $ign', 'Noel Cadastre', 'Drake']",3807756,420582.0
232,Jimmy Cooks,"Honestly, Nevermind",2022-06-17,['21 Savage'],"['Vinylz', 'Tay Keith', 'CuBeatz', 'Tizzle']","['Drake', '21 Savage', 'Tay Keith', 'Vinylz', 'Kevin Gomringer', 'Tim Gomringer', 'Tizzle', 'Dougie F', 'Playa Fly', 'Harry Ray', 'Al Goodman', 'Walter Morris']",8110900,880669.0
233,Jodeci Freestyle,Care Package,2013-06-22,['J. Cole'],"['40', 'Bink!']","['Drake', '40', 'Bink!', 'The Notorious B.I.G.', 'Lil’ Cease', 'DeVante Swing', 'Jeff Lorber', 'Roger Troutman', 'Terry “Zapp” Troutman', 'J. Cole', 'J.R. Swinga', 'Andreao “Fanatic” Heard']",176774,549691.0
234,Jodeci Freestyle (Original),<single>,,['J. Cole'],[],[],8230144,
235,Jorja Interlude,More Life,2017-03-18,['Jorja Smith'],['40'],"['Adrian X', 'Stevie Wonder', 'Don McLean', '40', 'Jorja Smith', 'Drake']",3028667,286515.0
236,Juice,<single>,2009-12-11,[],['Boi-1da'],['Drake'],1498,
237,Jumbotron Shit Poppin,Her Loss,2022-11-04,[],"['F1LTHY', 'CuBeatz', 'Oogie Mane', 'Sad Pony', '40', 'Klimperboy', 'DannoProductionz', 'Dilara']","['Drake', 'F1LTHY', 'Kevin Gomringer', 'Tim Gomringer', 'Sad Pony', 'Oogie Mane', '40', 'Klimperboy', 'DannoProductionz', 'Dilara', 'Lil Yachty']",8524051,966485.0
238,Jungle,If You’re Reading This It’s Too Late,2015-02-13,[],['40'],"['Kenza Samir', 'Drake', '40', 'Gabriel Garzón-Montano']",703387,119674.0
239,Jungle (Video),<single>,2015-02-12,[],[],[],703402,
240,Karaoke,Thank Me Later,2010-06-15,[],['Francis and the Lights'],"['Francis and the Lights', '40', 'Drake']",1307,2630.0
241,Keep the Family Close,Views,2016-04-29,[],['Maneesh'],"['Drake', 'Maneesh', 'Kenza Samir']",2463390,132506.0
242,"Kick, Push (Remix)",Room for Improvement,2006-02-14,['Lupe Fiasco'],['Soundtrakk'],"['Soundtrakk', 'Lupe Fiasco', 'Drake']",61759,2625.0
243,King Leon (Street Cred),<single>,,[],"['Northern Profit', 'Boi-1da']",['Drake'],49896,
244,KMT,More Life,2017-03-18,['Giggs'],"['NessOTB', 'Squale']","['NessOTB', 'Squale', 'Drake', 'Giggs']",2968864,286515.0
245,Knife Talk,Certified Lover Boy,2021-09-03,"['21 Savage', 'Project Pat']","['Peter Lee Johnson', 'Metro Boomin']","['Jerami Davis', 'G Koop', 'Juicy J', 'A$AP Rocky', 'Peter Lee Johnson', 'Metro Boomin', 'Project Pat', '21 Savage', 'Drake']",7165580,585647.0
246,Know Yourself,If You’re Reading This It’s Too Late,2015-02-13,[],"['Allen Ritter', 'Vinylz', 'Syk Sense', 'Boi-1da', 'Metro Boomin']","['Jan Stoeckart', 'Allen Ritter', 'Boi-1da', 'Syk Sense', 'Vinylz', 'Drake', 'Quentin Miller']",703654,119674.0
247,Landed,Dark Lane Demo Tapes,2020-05-01,[],"['Dez Wright', 'Cardo']","['Cardo', 'Dez Wright', 'Drake']",5433550,630537.0
248,Laugh Now Cry Later,<single>,2020-08-14,['Lil Durk'],"['Rogét Chahayed', 'Yung Exclusive', 'Cardo', 'G. Ry']","['G. Ry', 'Yung Exclusive', 'Rogét Chahayed', 'Cardo', 'Lil Durk', 'Drake']",5865445,
249,Legend,If You’re Reading This It’s Too Late,2015-02-13,[],['PARTYNEXTDOOR'],"['Digital Black', 'Static Major', 'Timbaland', 'Quentin Miller', 'PARTYNEXTDOOR', 'Drake']",703734,119674.0
250,Lemon Pepper Freestyle,Scary Hours 2,2021-03-05,['Rick Ross'],"['Austin Powerz', 'FNZ', 'Keanu Beats', 'Boi-1da']","['Keanu Beats', 'Austin Powerz', 'Finatik', 'Simon Gebrelul', 'Zac', 'Coco O.', 'Boi-1da', 'Robin Hannibal', 'Rick Ross', 'Drake']",6555268,742624.0
251,Lemon Pepper Freestyle (Demo),<single>,,['Rod Wave'],"['Boi-1da', 'Keanu Beats', 'FNZ', 'Austin Powerz']","['Keanu Beats', 'FNZ', 'Austin Powerz', 'Boi-1da', 'Robin Hannibal', 'Rod Wave', 'Drake', 'Coco O.']",6880517,
252,Let’s Call It Off,So Far Gone,2009-02-13,['Peter Bjorn and John'],['Björn Yttling'],"['40', 'Peter Bjorn and John', 'Drake']",4663,2627.0
253,Liability,"Honestly, Nevermind",2022-06-17,[],"['Nyan', 'Tim Suby']","['Drake', 'Tim Suby', 'Nyan']",8110893,880669.0
254,Lie To Me,<single>,,[],['Pi’erre Bourne'],"['Pi’erre Bourne', 'Drake']",5522514,
255,Lift Yourself (Original Version),<single>,,[],"['Kanye West', 'MIKE DEAN']",['Drake'],7175214,
256,Light Up,Thank Me Later,2010-06-15,['JAY-Z'],"['Tone Mason', '40']","['Tone Mason', 'JAY-Z', '40', 'Drake']",508,2630.0
257,Like I’m Supposed To/Do Things,<single>,,[],[],['Drake'],4718866,
258,Little Bit,So Far Gone,2009-02-13,['Lykke Li'],['Björn Yttling'],"['Drake', 'Björn Yttling', 'Lykke Li']",3907,2627.0
259,Live Then*,<single>,,[],[],[],6963954,
260,Live Up to My Name (Reference),<single>,,['Baka Not Nice'],"['Narcos', 'Alex Lustig', 'BricksDaMane']","['Baka Not Nice', 'Drake']",3386807,
261,London Tour Freestyle,<single>,,[],[],[],3236,
262,Look What You’ve Done,Take Care,2011-11-15,[],"['40', 'Chase N. Cashe']","['Drake', '40', 'Chase N. Cashe']",58345,10787.0
263,Lord Knows,Take Care,2011-11-15,['Rick Ross'],['Just Blaze'],"['Drake', 'Rick Ross', 'Just Blaze', 'Anthony Palman']",55695,10787.0
264,Lose You,More Life,2017-03-18,[],"['40', 'Stwo']","['40', 'Stwo', 'Drake']",3028711,286515.0
265,Losses,Dark Lane Demo Tapes,2020-05-01,[],"['OZ', 'Foreign Teck', 'Elyas', 'Sevn Thomas']","['Foreign Teck', 'Elyas', 'Sevn Thomas', 'Drake']",5520818,630537.0
266,Love All,Certified Lover Boy,2021-09-03,['JAY-Z'],"['The Rascals', 'Dez Wright', 'OZ']","['Drake', 'JAY-Z', 'Dez Wright', 'OZ', 'Khristopher Riddick-Tynes', 'Leon Thomas III', 'The Notorious B.I.G.', 'Diddy', 'Stevie J']",5367025,585647.0
267,Love And Gunz,Black Diamond 8 (Audible Narcotic),,[],[],[],2967,924577.0
268,Love From a Distance,<single>,,[],[],['Drake'],5999999,
269,Loving You No More,Young Sweet Jones 2,2010-09-21,['Dirty Money'],"['Mario Winans', 'Miykal Snoddy', 'Sean Garrett']","['Kalenna', 'Dawn Richard', 'Mario Winans', 'Drake', 'Sean Garrett']",1945,348688.0
270,Lucky Lefty,<single>,,[],['Cardo'],['Drake'],5847025,
271,Lust for Life,So Far Gone,2009-02-13,[],['40'],"['Roland Orzabal', '40', 'Drake']",2829,2627.0
272,Madiba Riddim,More Life,2017-03-18,[],"['Charlie Handsome', 'Ging', 'Nineteen85']","['Charlie Handsome', 'Ging', 'Nineteen85', 'Drake']",3028673,286515.0
273,Madonna,If You’re Reading This It’s Too Late,2015-02-13,[],['40'],"['Digital Black', 'Static Major', '40', 'Timbaland', 'Drake']",703728,119674.0
274,Madonna (Physical CD Version),<single>,,[],['40'],[],720583,
275,Make Me Proud,Take Care,2011-10-16,['Nicki Minaj'],"['T-Minus', 'Nikhil Seetharam']","['Drake', 'Nicki Minaj', 'T-Minus', 'Nikhil Seetharam', 'Anthony Palman']",57183,10787.0
276,Make Things Right,Room for Improvement,2006-02-14,['Slakah the Beatchild'],"['Boi-1da', 'AmiR (Producer)']","['Boi-1da', 'AmiR (Producer)', 'Drake']",18066,2625.0
277,Man of the Year,Comeback Season,2007-09-01,['Lil Wayne'],"['Boi-1da', 'DJ Revolution', 'Jump']","['Lil Wayne', 'Drake']",2714,2622.0
278,March 14,Scorpion,2018-06-29,[],"['Vaiyeh', 'T-Minus']","['Michael “Black Mic” Williams', 'Mity Maose', 'Nes', 'SoundzFire', 'Kenza Samir', 'Al Sherrod Lambert', 'D’Angelo', 'Shawn Stockman', 'Nathan Morris', 'Raphael Saadiq', 'T-Minus', 'Vaiyeh', 'Drake']",3807750,420582.0
279,Marvins Room,Take Care,2011-06-09,[],['40'],"['Drake', '40', 'Adrian X']",50895,10787.0
280,Marvin’s Room 2,<single>,,[],[],[],6741671,
281,Marvin’s Room (Third-person narrative),<single>,,[],['40'],[],5198083,
282,Massive,"Honestly, Nevermind",2022-06-17,[],"['LIOHN', 'Gordo', 'Klahr']","['Drake', 'Gordo', 'LIOHN', 'Klahr', 'TRESOR']",8110892,880669.0
283,Massive (Desmond Remix),<single>,,[],"['Desmond (band)', 'ZOOF']",[],8550149,
284,Massive (Mixed),Today’s Hits: September 2022 (DJ Mix),2022-08-26,[],[],[],8368489,949000.0
285,Mention Me,Scary Hours 3*,,['Rema'],[],"['Drake', 'Rema']",7169679,918587.0
286,Messages From You,Young Sweet Jones,,[],[],['Drake'],3958,881461.0
287,Middle of the Ocean,Her Loss,2022-11-04,[],"['OZ', 'Nik D', 'Noel Cadastre', 'Sucuki', 'LOOF']","['Drake', 'OZ', 'Noel Cadastre', 'Nik D', 'Sucuki', 'Cam’ron', 'Jim Jones', 'Juelz Santana', 'D/R Period', 'Kenneth Gamble & Leon Huff']",8524053,966485.0
288,Milk,<single>,,[],[],[],99142,
289,Missin’ You (Freestyle),Comeback Season,2007-09-01,['Trey Songz'],['StarGate'],"['3T', 'StarGate', 'Drake', 'Trey Songz']",18055,2622.0
290,Miss Me,Thank Me Later,2010-06-01,['Lil Wayne'],"['40', 'Boi-1da']","['Bun B', 'Dave Richardson', 'Doug Edwards', 'Lil Wayne', '40', 'Boi-1da', 'Drake']",496,2630.0
291,Mob Ties,Scorpion,2018-06-29,[],"['Boi-1da', 'Allen Ritter', 'Asheley Turner']","['Drake', 'Boi-1da', 'Allen Ritter', 'Vory', 'Asheley Turner', 'Nas', 'AZ', 'Cormega', 'Foxy Brown', 'Poke', 'Tone', 'Dave Atkinson']",3807746,420582.0
292,Money,<single>,,[],['Ging'],[],2265012,
293,Money in the Grave,The Best in the World Pack,2019-06-15,['Rick Ross'],"['DeLorean Black', 'Asoteric', 'Ljay Currie', 'CC On The Track']","['DeLorean Black', 'Asoteric', 'Ljay Currie', 'CC On The Track', 'Rick Ross', 'Drake']",4629364,536814.0
294,Money (Remix),Room for Improvement,2006-02-14,['Nickelus F'],['Ging'],"['Ging', 'Nickelus F', 'Drake']",18065,2625.0
295,Money to Blow (Snippet),Heartbreak Drake,2008-12-06,[],"['DJ Ill Will', 'Birdman']","['DJ Ill Will', 'Birdman', 'Drake']",898747,359632.0
296,More Life [Note],More Life,2017-03-18,[],['Drake'],['Drake'],3028726,286515.0
297,More Milli,<single>,,[],[],[],1804780,
298,More Ready,<single>,2017-06-30,"['D’African', 'PARTYNEXTDOOR']",[],"['Drake', 'PARTYNEXTDOOR']",3134542,
299,More Ready (Remix),<single>,2017-08-23,['Trey Songz'],[],[],3208987,
300,MSG Freestyle (Hot 97),<single>,2016-08-04,[],[],[],2832861,
301,Must Hate Money,Comeback Season,2007-09-01,['Rich Boy'],"['Jump', 'Neenyo']","['Neenyo', 'Rich Boy', 'Drake']",18056,2622.0
302,My Love (Demo),<single>,2018-04-29,[],"['Nineteen85', 'Illangelo', '40', 'Jordan Ullman']","['Majid Al Maskati', 'Ilsey', 'Nineteen85', 'Illangelo', 'Jordan Ullman', 'Drake']",3685109,
303,My New Shit,Black Diamond 8 (Audible Narcotic),,[],['Nottz'],"['Nottz', 'Drake']",2954,924577.0
304,My Side,If You’re Reading This It’s Too Late,2015-04-21,[],"['Boi-1da', 'Noel Cadastre', '40']","['PARTYNEXTDOOR', '40', 'Noel Cadastre', 'Boi-1da', 'Drake']",748776,119674.0
305,N 2 Deep,Certified Lover Boy,2021-09-03,['Future'],"['Noel Cadastre', 'Alex Lustig', 'Harley Arsenault', 'Kid Masterpiece', '40']","['Alex Lustig', 'Kid Masterpiece', 'Mr. Lee', 'Z-Ro', 'Jeezy', 'JAY-Z', 'Pimp C', 'Bun B', 'Noel Cadastre', 'Harley Arsenault', '40', 'Future', 'Drake']",7163722,585647.0
306,Neatly,Scary Hours 3*,,[],"['OG Parker', 'G. Ry', 'BRYVN', 'FRANKIE XY']","['PARTYNEXTDOOR', 'Drake']",7360921,918587.0
307,Never 2,<single>,,[],[],[],6741661,
308,Never ’Bout Us,<single>,,[],[],[],3221297,
309,Never never never,<single>,,[],[],[],6734550,
310,New Album Titled ‘Views From The 6’,<single>,,[],[],[],499514,
311,New Shit,Comeback Season,2007-09-01,"['Von Pea', 'Phonte']",['Nottz'],"['Nottz', 'Phonte', 'Von Pea', 'Drake']",18059,2622.0
312,Nice For What,Scorpion,2018-04-06,[],"['Murda Beatz', 'BlaqNmilD', '40', 'Corey Litwin']","['Birdman', 'Raekwon', 'Glenishe Rowe', 'RZA', 'Ghostface Killah', 'Phil “Triggaman” Price', 'Orville “Bugs Can Can” Hall', '5th Ward Weebie', 'Mannie Fresh', '40', 'BlaqNmilD', 'Marilyn Bergman', 'Alan Bergman', 'The Showboys', 'Lauryn Hill', 'Marvin Hamlisch', 'Brother J', 'Murda Beatz', 'Drake']",3580132,420582.0
313,No Friends In The Industry,Certified Lover Boy,2021-09-03,[],"['Vinylz', 'Nik D', 'OZ']","['Gregory Williams', 'Bobby DeBarge', 'OZ', 'Nik D', 'Vinylz', 'Drake']",7165568,585647.0
314,No Good*,<single>,,[],"['OZ', 'Deats']",['Drake'],8525022,
315,No Long Talk,More Life,2017-03-18,['Giggs'],"['CuBeatz', 'Murda Beatz']","['Tim Gomringer', 'Kevin Gomringer', 'Murda Beatz', 'Giggs', 'Drake']",2992774,286515.0
316,Nonstop,Scorpion,2018-06-29,[],"['No I.D.', 'Noel Cadastre', 'Tay Keith']","['Kenza Samir', 'Sakata Kareem Otis', 'DJ Squeeky', 'No I.D.', 'Tay Keith', 'Drake']",3807730,420582.0
317,No Tellin’,If You’re Reading This It’s Too Late,2015-02-13,[],"['Ging', 'Boi-1da']","['River Tiber', 'Ging', 'Kenza Samir', 'Boi-1da', 'Drake', 'Quentin Miller']",703742,119674.0
318,Nothings Into Somethings,More Life,2017-03-18,[],"['Nabeyin', 'Wallis Lane', 'G. Ry']","['Nabeyin', 'Farsi', 'G. Ry', 'Nizzy', 'Drake']",3028696,286515.0
319,Not Nice,<single>,2018-04-29,[],"['Nineteen85', 'Supa Dups']",[],3203377,
320,Not You Too,Dark Lane Demo Tapes,2020-05-01,['Chris Brown'],['Noel Cadastre'],"['Chris Brown', 'Noel Cadastre', 'Drake']",5520781,630537.0
321,November 14th [Chuck Inglish Remix],<single>,,[],[],[],1825407,
322,November 18th,So Far Gone,2009-02-13,[],['DJ Screw'],"['Drake', 'DJ Screw', '24hrs', 'Harley O Tha Pro', 'The Notorious B.I.G.', 'Bacharach & David', 'Burt Bacharach', 'Hal David', 'Bun B', 'Pimp C', 'Jermaine Dupri', 'George Candler', 'Donald Hepburn', 'Jimmy Marinos', 'Wally Palamarchuk', 'Mike Skill', 'Peter Solley']",2497,2627.0
323,Now & Forever,If You’re Reading This It’s Too Late,2015-02-13,[],"['Jimmy Prime', 'Eric Dingus']","['Jimmy Prime', 'Drake', 'Eric Dingus']",703735,119674.0
324,Omertà,The Best in the World Pack,2019-06-15,[],"['Deats', 'OZ', 'E.Y.']","['Boi-1da', 'Deats', 'E.Y.', 'OZ', 'Drake']",4629363,536814.0
325,One Dance,Views,2016-04-05,"['Kyla', 'Wizkid']","['DJ Maphorisa', '40', 'Wizkid', 'Nineteen85']","['Drake', '40', 'Wizkid', 'Kyla', 'Nineteen85', 'Logan Sama', 'China Black', 'DJ Maphorisa', 'Crazy Cousinz']",2450584,132506.0
326,One Dance (Dub),<single>,2016-06-29,"['Wizkid', 'Kyla']","['Nineteen85', 'DJ Maphorisa']","['Crazy Cousinz', '40', 'Kyla', 'Wizkid', 'Nineteen85', 'Drake']",2576915,
327,One Man Show,<single>,2010-05-10,[],[],[],3893523,
328,On My Way,Young Sweet Jones 2,2013-06-17,['James Fauntleroy'],[],['Drake'],57292,348688.0
329,Outro,So Far Gone,2009-02-13,[],['Chilly Gonzales'],['Chilly Gonzales'],139751,2627.0
330,Over,Thank Me Later,2010-03-08,[],"['Nick Brongers', 'Boi-1da']","['Nick Brongers', '40', 'Boi-1da', 'Drake']",322,2630.0
331,Over (Ayobi remix),<single>,,['Ayobi'],[],[],3918295,
332,Overdose,<single>,,"['Mickey Factz', 'Travie McCoy']",[],[],1290268,
333,Overdrive,"Honestly, Nevermind",2022-06-17,[],"['Beau Nox', 'Alex Lustig', '40', 'Black Coffee']",['Drake'],8110895,880669.0
334,Over My Dead Body,Take Care,2011-11-15,[],"['40', 'Chantal Kreviazuk']","['Drake', '40', 'Chantal Kreviazuk', 'Anthony Palman']",58661,10787.0
335,OVO Sound Radio Episode 10 Tracklist,OVO Sound Radio Tracklists - Season 1 & 2,2015-11-14,[],[],[],2370451,128797.0
336,OVO Sound Radio Episode 11 Tracklist,OVO Sound Radio Tracklists - Season 1 & 2,2015-11-28,[],[],[],2379615,128797.0
337,OVO Sound Radio Episode 12 Tracklist,OVO Sound Radio Tracklists - Season 1 & 2,2015-12-12,[],[],[],2386539,128797.0
338,OVO Sound Radio Episode 13 Tracklist,OVO Sound Radio Tracklists - Season 1 & 2,2016-01-16,[],[],[],2408264,128797.0
339,OVO Sound Radio Episode 14 Tracklist,OVO Sound Radio Tracklists - Season 1 & 2,2016-01-30,[],[],[],2413886,128797.0
340,OVO Sound Radio Episode 15 Tracklist,OVO Sound Radio Tracklists - Season 1 & 2,2016-02-13,[],[],[],2422513,128797.0
341,OVO Sound Radio Episode 16 Tracklist,OVO Sound Radio Tracklists - Season 1 & 2,2016-02-27,[],[],[],2430516,128797.0
342,OVO Sound Radio Episode 17 Tracklist,OVO Sound Radio Tracklists - Season 1 & 2,2016-03-12,[],[],[],2438143,128797.0
343,OVO Sound Radio Episode 18 Tracklist,OVO Sound Radio Tracklists - Season 1 & 2,2016-03-27,[],[],[],2445721,128797.0
344,OVO Sound Radio Episode 19 Tracklist,OVO Sound Radio Tracklists - Season 1 & 2,2016-04-09,[],[],[],2453439,128797.0
345,OVO Sound Radio Episode 1 Tracklist,OVO Sound Radio Tracklists - Season 1 & 2,2015-07-11,[],[],[],2277233,128797.0
346,OVO Sound Radio Episode 20 Tracklist,OVO Sound Radio Tracklists - Season 1 & 2,2016-04-28,[],[],[],2464011,128797.0
347,OVO Sound Radio Episode 21 Tracklist,OVO Sound Radio Tracklists - Season 1 & 2,2016-05-09,[],[],[],2470238,128797.0
348,OVO Sound Radio Episode 22 Tracklist,OVO Sound Radio Tracklists - Season 1 & 2,2016-03-21,[],[],[],2478446,128797.0
349,OVO Sound Radio Episode 23 Tracklist,OVO Sound Radio Tracklists - Season 1 & 2,2016-06-04,[],[],[],2489011,128797.0
350,OVO Sound Radio Episode 24 Tracklist,OVO Sound Radio Tracklists - Season 1 & 2,2016-07-02,[],[],[],2802628,128797.0
351,OVO Sound Radio Episode 25 Tracklist,OVO Sound Radio Tracklists - Season 1 & 2,2016-07-16,[],[],[],2822143,128797.0
352,OVO Sound Radio Episode 26 Tracklist,OVO Sound Radio Tracklists - Season 1 & 2,2016-07-30,[],[],[],2829728,128797.0
353,OVO Sound Radio Episode 27 Tracklist,OVO Sound Radio Tracklists - Season 1 & 2,2016-08-13,[],[],[],2838629,128797.0
354,OVO Sound Radio Episode 28 Tracklist,OVO Sound Radio Tracklists - Season 1 & 2,2016-08-27,[],[],[],2840710,128797.0
355,OVO Sound Radio Episode 29 Tracklist,OVO Sound Radio Tracklists - Season 1 & 2,2016-09-10,[],[],[],2846596,128797.0
356,OVO Sound Radio Episode 2 Tracklist,OVO Sound Radio Tracklists - Season 1 & 2,2015-07-25,[],[],[],2277237,128797.0
357,OVO Sound Radio Episode 30 Tracklist,OVO Sound Radio Tracklists - Season 1 & 2,2016-09-24,[],[],[],2852479,128797.0
358,OVO Sound Radio Episode 31 Tracklist,OVO Sound Radio Tracklists - Season 1 & 2,2016-10-08,[],[],[],2852482,128797.0
359,OVO Sound Radio Episode 32 Tracklist,OVO Sound Radio Tracklists - Season 1 & 2,2016-10-23,[],[],[],2864119,128797.0
360,OVO Sound Radio Episode 33 Tracklist,OVO Sound Radio Tracklists - Season 1 & 2,2016-11-05,[],[],[],2900119,128797.0
361,OVO Sound Radio Episode 34 Tracklist,OVO Sound Radio Tracklists - Season 1 & 2,2016-11-19,[],[],[],2907950,128797.0
362,OVO Sound Radio Episode 35 Tracklist,OVO Sound Radio Tracklists - Season 1 & 2,2016-12-10,[],['OVO Sound Radio'],['Drake'],2916564,128797.0
363,OVO Sound Radio Episode 36 Tracklist,OVO Sound Radio Tracklists - Season 1 & 2,2017-01-07,[],[],[],2929782,128797.0
364,OVO Sound Radio Episode 37 Tracklist,OVO Sound Radio Tracklists - Season 1 & 2,2017-02-04,[],[],[],2932805,128797.0
365,OVO Sound Radio Episode 38 Tracklist,OVO Sound Radio Tracklists - Season 1 & 2,2017-02-18,[],[],[],2957318,128797.0
366,OVO Sound Radio Episode 39 Tracklist,OVO Sound Radio Tracklists - Season 1 & 2,2017-03-18,[],[],[],2999276,128797.0
367,OVO Sound Radio Episode 3 Tracklist,OVO Sound Radio Tracklists - Season 1 & 2,2015-08-08,[],[],[],2277239,128797.0
368,OVO Sound Radio Episode 40 Tracklist,OVO Sound Radio Tracklists - Season 1 & 2,2017-04-01,[],[],[],3020397,128797.0
369,OVO Sound Radio Episode 41 Tracklist,OVO Sound Radio Tracklists - Season 1 & 2,2017-04-15,[],[],[],3055556,128797.0
370,OVO Sound Radio Episode 42 Tracklist,OVO Sound Radio Tracklists - Season 1 & 2,2017-04-29,[],[],['Drake'],3071428,128797.0
371,OVO Sound Radio Episode 43 Tracklist,OVO Sound Radio Tracklists - Season 1 & 2,2017-05-13,[],[],[],3086638,128797.0
372,OVO Sound Radio Episode 44 Tracklist,OVO Sound Radio Tracklists - Season 1 & 2,2017-05-27,[],[],['Drake'],3102958,128797.0
373,OVO Sound Radio Episode 45 Tracklist,OVO Sound Radio Tracklists - Season 1 & 2,2017-06-10,[],[],['Drake'],3118766,128797.0
374,OVO Sound Radio Episode 46 Tracklist,OVO Sound Radio Tracklists - Season 1 & 2,2017-06-23,[],[],[],3131759,128797.0
375,OVO Sound Radio Episode 47 Tracklist,OVO Sound Radio Tracklists - Season 1 & 2,2017-07-08,[],[],[],3150105,128797.0
376,OVO Sound Radio Episode 48 Tracklist,OVO Sound Radio Tracklists - Season 1 & 2,2017-07-22,[],[],[],3167943,128797.0
377,OVO Sound Radio Episode 49 Tracklist,OVO Sound Radio Tracklists - Season 1 & 2,2017-08-05,[],[],[],3185842,128797.0
378,OVO Sound Radio Episode 4 Tracklist,OVO Sound Radio Tracklists - Season 1 & 2,2015-08-22,[],[],[],2288556,128797.0
379,OVO Sound Radio Episode 50 Tracklist,OVO Sound Radio Tracklists - Season 1 & 2,2017-08-19,[],[],[],3203733,128797.0
380,OVO Sound Radio Episode 51 Tracklist,OVO Sound Radio Tracklists - Season 1 & 2,2017-09-09,[],[],[],3230949,128797.0
381,OVO Sound Radio Episode 52 Tracklist,OVO Sound Radio Tracklists - Season 1 & 2,2017-09-23,[],[],[],3247637,128797.0
382,OVO Sound Radio Episode 53 Tracklist,OVO Sound Radio Tracklists - Season 1 & 2,2017-10-08,[],[],[],3293347,128797.0
383,OVO Sound Radio Episode 54 Tracklist,OVO Sound Radio Tracklists - Season 1 & 2,2017-10-15,[],"['Nineteen85', 'Oliver El-Khatib']",[],3278638,128797.0
384,OVO Sound Radio Episode 55 Tracklist,OVO Sound Radio Tracklists - Season 1 & 2,2017-10-29,[],[],[],3293847,128797.0
385,OVO Sound Radio Episode 56 Tracklist,OVO Sound Radio Tracklists - Season 1 & 2,2017-11-26,[],[],[],3335370,128797.0
386,OVO Sound Radio Episode 57 Tracklist,OVO Sound Radio Tracklists - Season 1 & 2,2017-12-10,[],[],[],3358726,128797.0
387,OVO Sound Radio Episode 58 Tracklist,OVO Sound Radio Tracklists - Season 1 & 2,2018-03-18,[],[],[],3586506,128797.0
388,OVO Sound Radio Episode 59 Tracklist,OVO Sound Radio Tracklists - Season 1 & 2,2018-04-01,[],[],[],3618018,128797.0
389,OVO Sound Radio Episode 5 Tracklist,OVO Sound Radio Tracklists - Season 1 & 2,2015-09-05,[],[],[],2297751,128797.0
390,OVO Sound Radio Episode 60 Tracklist,OVO Sound Radio Tracklists - Season 1 & 2,2018-04-15,[],[],[],3649849,128797.0
391,OVO Sound Radio Episode 61 Tracklist,OVO Sound Radio Tracklists - Season 1 & 2,2018-04-29,[],[],[],3683276,128797.0
392,OVO Sound Radio Episode 62 Tracklist,OVO Sound Radio Tracklists - Season 1 & 2,2018-05-13,[],[],[],3713470,128797.0
393,OVO Sound Radio Episode 63 Tracklist,OVO Sound Radio Tracklists - Season 1 & 2,2018-05-27,[],[],[],3743858,128797.0
394,OVO Sound Radio Episode 64 Tracklist,OVO Sound Radio Tracklists - Season 1 & 2,2018-06-10,[],[],[],3772994,128797.0
395,OVO Sound Radio Episode 65 Tracklist,OVO Sound Radio Tracklists - Season 1 & 2,2018-07-08,[],[],[],3825048,128797.0
396,OVO Sound Radio Episode 66 Tracklist,OVO Sound Radio Tracklists - Season 1 & 2,2018-08-05,[],[],[],3878898,128797.0
397,OVO Sound Radio Episode 68 Tracklist,OVO Sound Radio Tracklists - Season 1 & 2,2018-09-30,[],['OVO Sound Radio'],[],3989454,128797.0
398,OVO Sound Radio Episode 6 Tracklist,OVO Sound Radio Tracklists - Season 1 & 2,2015-09-19,[],[],[],2310784,128797.0
399,OVO Sound Radio Episode 7 Tracklist,OVO Sound Radio Tracklists - Season 1 & 2,2015-10-03,[],[],[],2321968,128797.0
400,OVO Sound Radio Episode 8 Tracklist,OVO Sound Radio Tracklists - Season 1 & 2,2015-10-17,[],[],[],2332007,128797.0
401,OVO Sound Radio Episode 9 Tracklist,OVO Sound Radio Tracklists - Season 1 & 2,2015-11-01,[],[],[],2344303,128797.0
402,OVO Sound Radio [Setlists],OVO Sound Radio Tracklists - Season 1 & 2,2015-07-12,[],[],[],2864149,128797.0
403,Own It,Nothing Was the Same,2013-09-24,[],"['40', 'Detail', 'The Order']","['40', 'Sool Got Hits', 'Soko7', 'Dre Moon', 'Detail', 'Anthony Palman', 'Drake']",217264,40475.0
404,Pain 1993,Dark Lane Demo Tapes,2020-05-01,['Playboi Carti'],['Pi’erre Bourne'],"['Pi’erre Bourne', 'Playboi Carti', 'Drake']",4613586,630537.0
405,Pain 1993 (Demo),<single>,,[],['Pi’erre Bourne'],"['Drake', 'Pi’erre Bourne']",8722327,
406,Pain 1993 (Original)*,<single>,,['Playboi Carti'],['Pi’erre Bourne'],"['Playboi Carti', 'Drake', 'Pi’erre Bourne']",5522480,
407,Papi’s Home,Certified Lover Boy,2021-09-03,[],"['Preme', 'Oriyomi Ojelade', 'Supah Mario', 'Jarrel Young', 'Mark Borino']","['Nicki Minaj', 'Oriyomi Ojelade', 'Preme', 'Montell Jordan', 'Anthony “Shep” Crawford', 'Jarrel Young', 'Drake', 'Mark Borino', 'Supah Mario']",7165569,585647.0
408,Paris Morton Music,Young Sweet Jones,2010-07-10,[],"['J.U.S.T.I.C.E. League', '40']","['40', 'Rick Ross', 'Chrisette Michele', 'Erik Ortiz', 'Kevin Crowe', 'Drake']",776,881461.0
409,Passionfruit,More Life,2017-03-18,[],['Nana Rogues'],"['40', 'Nana Rogues', 'Drake']",3028662,286515.0
410,Payback,<single>,,[],['Boi-1da'],[],99140,
411,Peak,Scorpion,2018-06-29,[],['40'],"['Adrian X', 'Kenza Samir', '40', 'Drake']",3807755,420582.0
412,Pianist Hands,Room for Improvement,2006-02-14,[],"['Nick Brongers', 'Boi-1da']","['Nick Brongers', 'Boi-1da', 'Drake']",333538,2625.0
413,Pipe Down,Certified Lover Boy,2021-09-03,[],"['Leon Thomas III', 'FaxOnly', 'JEAN BLEU', 'Anthoine Walters']","['Bizzy Crook', 'Kas (Producer)', 'FaxOnly', 'Anthoine Walters', 'JEAN BLEU', 'Simon Gebrelul', 'Leon Thomas III', 'Drake']",7165573,585647.0
414,Pistols,<single>,2017-12-25,[],[],['Drake'],3393236,
415,Pistols (Remix),<single>,,['Romeo Santos'],[],[],5428489,
416,Please Forgive Me,<single>,2016-09-26,[],"['Kim Bradshaw', 'Larry Jackson']","['Larry Jackson', 'Anthony Mandler']",2867101,
417,Plenty*,<single>,,[],['Rvssian'],['Drake'],6095308,
418,Pop Rosé,Heartbreak Drake,2008-12-06,['Trey Songz'],[],"['Trey Songz', 'Drake']",57544,359632.0
419,Pop Style,Views,2016-04-05,[],"['40', 'Boi-1da', 'Sevn Thomas', 'Ging']","['Drake', 'JAY-Z', 'Kanye West', '40', 'Boi-1da', 'Ging', 'Sevn Thomas', 'Kenza Samir']",2453520,132506.0
420,Pop Style (Demo),<single>,,['Kanye West'],"['Sevn Thomas', 'Ging', '40', 'Boi-1da', 'Allen Ritter']","['Kanye West', 'Drake']",5468810,
421,Pop Style (Single Version),<single>,2016-04-05,['JAY-Z & Kanye West'],"['40', 'Boi-1da', 'Ging', 'Sevn Thomas']","['Drake', 'JAY-Z', 'Kanye West', '40', 'Boi-1da', 'Allen Ritter', 'Ging', 'Sevn Thomas', 'Kenza Samir']",2450579,
422,Portland,More Life,2017-03-18,"['Travis Scott', 'Quavo']","['CuBeatz', 'Murda Beatz']","['Kevin Gomringer', 'Tim Gomringer', 'Murda Beatz', 'Quavo', 'Travis Scott', 'Drake']",3028687,286515.0
423,Pound Cake / Paris Morton Music 2,Nothing Was the Same,2013-09-24,['JAY-Z'],"['The Order', 'Matthew Burnett', 'Detail', 'Jordan Evans', 'Boi-1da']","['Jim Eliot', 'Method Man', 'RZA', 'Ellie Goulding', 'Sool Got Hits', 'Soko7', 'Dre Moon', 'Drake', 'Anthony Palman', 'Detail', 'Jordan Evans', 'JAY-Z', 'Boi-1da', 'Matthew Burnett', 'David Porter', 'Isaac Hayes']",218330,40475.0
424,Practice,Take Care,2011-11-15,[],"['40', 'Drake']","['Drake', 'The Weeknd', '40', 'Adrian X']",58346,10787.0
425,Preach,If You’re Reading This It’s Too Late,2015-02-13,['PARTYNEXTDOOR'],['PARTYNEXTDOOR'],"['Ciara', '40', 'Kerry Brothers', 'Edwin Jantunen', 'Alicia Keys', 'PARTYNEXTDOOR', 'Drake']",703749,119674.0
426,Pure Evil*,<single>,,[],[],['Drake'],5883947,
427,Race My Mind,Certified Lover Boy,2021-09-03,[],"['40', 'Monsune', 'GOVI']","['Drake', '40', 'GOVI', 'Monsune', 'The Notorious B.I.G.', 'Easy Mo Bee', 'David Axelrod', 'Sun Ra', 'Rick James', 'Scott Zhang', 'Oliver El-Khatib']",5851754,585647.0
428,Ransom,Heartbreak Drake,2008-12-06,['Lil Wayne'],['Boi-1da'],"['Drake', 'Lil Wayne']",755,359632.0
429,Ratatouille,<single>,,['Quavo'],['Metro Boomin'],"['Metro Boomin', 'Quavo', 'Drake']",4216732,
430,Ratchet Happy Birthday,Scorpion,2018-06-29,[],"['Jahaan Sweet', 'D10', 'Boi-1da']","['D10', 'Leonard Caston', 'Anita Poree', 'Jahaan Sweet', 'Boi-1da', 'PARTYNEXTDOOR', 'Drake']",3807763,420582.0
431,Real Bad Karma,<single>,,['Bryson Tiller'],['Sonorous'],[],4843990,
432,Real ballin,<single>,,[],[],[],6734509,
433,Redemption,Views,2016-04-29,[],['40'],"['Drake', '40', 'Kenza Samir', 'Mike Olsen', 'Ray J', 'Rodney Jerkins', 'Fred Jerkins III', 'LaShawn Daniels']",2463403,132506.0
434,Replacement Girl,Comeback Season,2007-04-30,['Trey Songz'],"['Terrel “T. Slack”', 'T-Minus', 'Boi-1da']","['Terrel “T. Slack”', 'T-Minus', 'Boi-1da', 'Trey Songz', 'Drake']",3886,2622.0
435,Rewind,<single>,,['Voyce'],[],"['Drake', 'Voyce']",61587,
436,Right Hand,Feed The Streets 12,2015-07-27,[],"['Velous', 'Ging', 'Vinylz']","['Ging', 'Velous', 'Kaan Güneşberk', 'Vinylz', 'Drake']",2263725,909633.0
437,Right to Left,<single>,2009-04-27,"['Von Pea', 'Tanya Morgan']",['Boi-1da'],['Drake'],3004839,
438,Runaway Girl,Black Diamond 8 (Audible Narcotic),,['Colin Munroe'],['Tha Bizness'],[],51665,924577.0
439,Sacrifices,More Life,2017-03-18,"['Young Thug', '2 Chainz']","['Deejae', 'T-Minus']","['Deejae', 'T-Minus', '2 Chainz', 'Young Thug', 'Drake']",3028693,286515.0
440,Same Mistakes (Fall For Your Type),Young Sweet Jones 2,,[],['40'],"['40', 'Drake']",1808,348688.0
441,Sandra’s Rose,Scorpion,2018-06-29,[],"['Maneesh', 'DJ Premier']","['DJ Premier', 'Maneesh', 'Drake']",3807749,420582.0
442,Say Something,<single>,2007-11-03,[],"['J-Roc', 'Timbaland']","['Timm Clayton', 'Drake', 'J-Roc', 'Timbaland']",885676,
443,Say What’s Real,So Far Gone,2008-12-06,[],['Kanye West'],"['Kanye West', 'Jeff Bhasker', 'Drake']",870,2627.0
444,Scorpion Intro,<single>,,[],[],[],5729659,
445,Scriptures,<single>,2009-11-12,[],[],['Bipin Chandrupal'],53374,
446,Separate LivesVer,<single>,,[],[],[],57552,
447,Seriously Now,<single>,2014-05-02,[],['40'],[],422893,
448,Sex Tonight,<single>,,[],[],['Drake'],64752,
449,Share,Comeback Season,2007-09-01,[],['Häzel'],"['Häzel', 'Drake']",3319,2622.0
450,She Got Me,<single>,,['Roy Woods'],[],"['Roy Woods', 'Drake']",4426086,
451,She Just Wanna Dance,<single>,,['Trey Songz'],[],[],5714823,
452,Shot for Me,Take Care,2011-11-15,[],['40'],"['Drake', 'The Weeknd', '40', 'Rainer']",55601,10787.0
453,Show Me a Good Time,Thank Me Later,2010-06-15,[],"['Kanye West', 'No I.D.', 'Jeff Bhasker']","['No I.D.', 'Jeff Bhasker', 'Kanye West', 'Drake']",582,2630.0
454,Shut It Down,Thank Me Later,2010-06-15,['The-Dream'],"['Omen (Producer)', '40']","['Omen (Producer)', 'The-Dream', '40', 'Drake']",1842,2630.0
455,Side Pieces,<single>,2014-07-16,['Brian McKnight'],[],[],479790,
456,Signs,<single>,2017-06-22,[],"['Supa Dups', '40']","['Young Thug', 'Supa Dups', 'Ashante Reid', '40', 'Drake']",3129092,
457,Since Way Back,More Life,2017-03-18,['PARTYNEXTDOOR'],"['M3rge', 'TOPFLR', 'G. Ry', 'PARTYNEXTDOOR', '40']","['Michael Surio', 'G. Ry', 'M3rge', 'Warryn Campbell', '40', 'R. Kelly', 'PARTYNEXTDOOR', 'Drake']",3028710,286515.0
458,Skepta Interlude,More Life,2017-03-18,['Skepta'],['Nana Rogues'],"['Skepta', 'Nana Rogues']",3028685,286515.0
459,Slow It Down,<single>,,[],[],['Drake'],52961,
460,Smile,<single>,,['Voyce'],['Amir Obè'],"['Voyce', 'Drake']",56590,
461,Sneakin’,<single>,2016-10-23,['21 Savage'],['London on da Track'],"['Arsenio Archer', 'London on da Track', '21 Savage', 'Drake']",2890555,
462,SNL: Bag Jackin Bitches,<single>,2011-10-15,[],[],[],57290,
463,SNL: Bar Mitzvah in 1999,<single>,2014-01-19,[],['DJ Mordechai Jones'],['Drake'],343015,
464,Something,<single>,,[],['40'],['Drake'],1305,
465,Sooner Than Later,So Far Gone,2009-02-13,[],['D10'],"['D10', '40', 'Drake']",3571,2627.0
466,Sorry i fed ur dog batteries,<single>,,[],[],[],7051710,
467,Special,Room for Improvement,2006-02-14,['Voyce'],['DJ Ra'],"['Voyce', 'Drake', 'DJ Ra']",4810,2625.0
468,Star67,If You’re Reading This It’s Too Late,2015-02-13,[],"['Most High', 'Amir Obè', 'NYLZ', '40']","['Fred Muehlboeck', 'NYLZ', 'Ahkilo', 'Daniel Worthy', '40', 'Amir Obè', 'Drake']",703743,119674.0
469,Started from the Bottom,Nothing Was the Same,2013-02-01,[],"['40', 'Mike Zombie']","['Drake', '40', 'Mike Zombie']",113898,40475.0
470,Started From the Bottom Deluxe - Don’t Delete,<single>,,[],[],[],2318813,
471,Statement on Wireless,<single>,2014-07-03,[],[],[],481714,
472,Stay Down,<single>,,['Busta Rhymes'],['J\xa0Dilla'],"['Busta Rhymes', 'Drake']",5645139,
473,Sticky,"Honestly, Nevermind",2022-06-17,[],"['Gordo', 'RY X']","['Drake', 'Gordo', 'RY X']",8110888,880669.0
474,Still ballin,<single>,,[],[],[],5727923,
475,Still Drake,<single>,,['Trey Songz'],"['Mel-Man', 'Dr. Dre']","['Trey Songz', 'Drake']",55185,
476,Still Fly Freestyle,<single>,,[],['Mannie Fresh'],['Drake'],1562,
477,Still Got it,Young Sweet Jones,2010-08-06,[],[],['Drake'],50605,881461.0
478,Still Here,Views,2016-04-29,[],"['40', 'Maneesh', 'Daxz']","['Drake', '40', 'Maneesh', 'Daxz']",2463406,132506.0
479,S.T.R.E.S.S.,Room for Improvement,2006-02-14,['Nickelus F'],['Boi-1da'],"['Boi-1da', 'Nickelus F', 'Drake']",4928,2625.0
480,Stunt Hard,Heartbreak Drake,2009-12-19,"['Lil Wayne', 'Kidd Kidd']",[],"['Kidd Kidd', 'Drake', 'Lil Wayne']",6011,359632.0
481,Stunt on You,<single>,,[],[],['Drake'],62175,
482,Successful,So Far Gone,2009-02-13,"['Trey Songz', 'Lil Wayne']",['40'],"['40', 'Drake', 'Lil Wayne', 'Trey Songz']",486,2627.0
483,Successful (Demo),<single>,,[],[],[],49026,
484,Successful (Remix),<single>,,"['Trey Songz', 'Soulja Boy']",['40'],[],176193,
485,Summer Games,Scorpion,2018-06-29,[],"['40', 'No I.D.']","['Harley Arsenault', 'No I.D.', '40', 'Maneesh', 'Nineteen85', 'Drake']",3807747,420582.0
486,Summer Sixteen,<single>,2016-01-31,[],"['40', 'Boi-1da', 'CuBeatz']","['Boi-1da', '40', 'Tim Gomringer', 'Kevin Gomringer', 'Drake']",2415289,
487,Summer Sixteen (Live Remix),<single>,,[],"['CuBeatz', 'Boi-1da', '40']",['Drake'],2824212,
488,Summers Over Interlude,Views,2016-04-29,['Majid Jordan'],['Maneesh'],"['Maneesh', 'Majid Al Maskati']",2463397,132506.0
489,Survival,Scorpion,2018-06-29,[],"['40', 'No I.D.']","['Manuel Landy', 'Klaus Netzle', '40', 'No I.D.', 'Drake']",3807729,420582.0
490,Swagga Like Us,Heartbreak Drake,2009-12-13,['M.I.A.'],"['Kanye West', '40']",['Drake'],3175722,359632.0
491,Swagger Like Us,<single>,,[],[],['Drake'],51794,
492,Sweeterman (Remix),<single>,2015-07-11,[],['Jordan Francis'],"['Ramriddlz', 'Drake']",2016674,
493,Take Care,Take Care,2011-11-15,['Rihanna'],"['Jamie xx', '40']","['Drake', '40', 'Jamie xx', 'Anthony Palman']",58344,10787.0
494,Take You Down,<single>,,[],[],['Drake'],51771,
495,Take You Down (Freestyle),<single>,,[],[],[],1684658,
496,Take Your Girl,Heartbreak Drake,2009-12-15,[],['Lil Wayne'],['Drake'],3175719,359632.0
497,Talk Up,Scorpion,2018-06-29,['JAY-Z'],"['TWhy', 'DJ Paul']","['TWhy', 'Clarence “Satch” Satchell', 'Marvin Pierce', 'Billy Beck', 'James “Diamond” Williams', 'Dr. Dre', 'Junie Morrison', 'Ralph Middlebrooks', 'Marshall “Rock” Jones', 'Ice Cube', 'Sugarfoot', 'DJ Paul', 'JAY-Z', 'Drake']",3807753,420582.0
498,Teach U a Lesson (Freestyle),Comeback Season,2007-09-01,['Robin Thicke'],"['Pro-Jay', 'Robin Thicke']","['Pro-Jay', 'Robin Thicke', 'Drake']",18057,2622.0
499,Teach You A Lesson,<single>,,['Robin Thicke'],[],['Drake'],5622,
500,Teenage Fever,More Life,2017-03-18,[],['Hagler'],"['Fred Jerkins III', 'Jennifer Lopez', 'Cory Rooney', 'LaShawn Daniels', 'Rodney Jerkins', 'Hagler', 'Drake']",3028701,286515.0
501,Tell Me,Detox (2015 Demo),2015-08-01,['PARTYNEXTDOOR'],['Dr. Dre'],['Drake'],2449026,867661.0
502,Tell Me Lies,<single>,2007-10-19,[],[],[],63628,
503,Texts Go Green,"Honestly, Nevermind",2022-06-17,[],"['Esona Tyolo', 'Black Coffee']","['Drake', 'Esona Tyolo', 'Black Coffee', 'Noel Cadastre']",8110884,880669.0
504,Thank Me Later [Booklet],Thank Me Later,2010-06-15,[],[],[],2448969,2630.0
505,Thank Me Later [Liner Notes],<single>,,[],[],[],690232,
506,Thank Me Now,Thank Me Later,2010-06-15,[],['Timbaland'],"['Timbaland', 'Drake']",518,2630.0
507,Thank You Letter,<single>,2015-04-21,[],[],['Drake'],704453,
508,Thank You Note to 40,<single>,2016-04-28,[],[],['Drake'],2464078,
509,That’s How You Feel,Scorpion,2018-06-29,[],['Noel Cadastre'],"['Young Troy', 'Noel Cadastre', 'Nicki Minaj', 'Drake']",3807765,420582.0
510,The Calm,So Far Gone,2009-02-13,[],['40'],"['40', 'Drake']",151,2627.0
511,The Grind,Young Sweet Jones 2,,['Nickelus F'],[],"['Nickelus F', 'Young Money', 'Drake']",122306,348688.0
512,The Language,Nothing Was the Same,2013-09-24,[],"['Allen Ritter', 'Vinylz', 'Boi-1da']","['Drake', 'Birdman', 'Anthony Palman', 'Boi-1da', 'Allen Ritter', 'Vinylz']",217274,40475.0
513,The Last Hope,Comeback Season,2007-09-01,"['Andreena Mill', 'Kardinal Offishall']",['Rich Kidd'],"['Rich Kidd', 'TheBLKLT$', 'Kardinal Offishall', 'Drake']",2517,2622.0
514,The Motion,Nothing Was the Same,2013-06-22,['Sampha'],"['Sampha', '40']","['Sampha', '40', 'Drake']",176772,40475.0
515,The Motto,Take Care,2011-11-15,['Lil Wayne'],"['T-Minus', '40']","['Drake', 'Lil Wayne', 'T-Minus', '40', 'Sir Mix-a-Lot']",58325,10787.0
516,The Motto (Remix),Take Care,2011-11-15,"['Lil Wayne', 'Tyga']",['T-Minus'],"['Drake', 'Lil Wayne', 'Tyga', 'T-Minus', 'Mally Mall']",58566,10787.0
517,The Presentation,Comeback Season,2007-09-01,[],"['Rich Kidd', '40']","['40', 'Rich Kidd', 'Drake']",3320,2622.0
518,The Quimbo Dance,<single>,2022-11-27,[],"['Arloo', 'Vince Staples', 'Bladee']",['Genius Romanizations'],8594408,
519,The Real Her,Take Care,2011-11-15,"['Lil Wayne', 'André 3000']","['Drake', '40']","['Drake', 'André 3000', 'Lil Wayne', '40']",55599,10787.0
520,The Real Her (Original Version),<single>,,['Lil Wayne'],[],[],4941407,
521,The Remorse,Certified Lover Boy,2021-09-03,[],['40'],"['Anthony Hamilton', '40', 'Drake']",7165548,585647.0
522,The Resistance,Thank Me Later,2010-06-15,[],['40'],"['Oliver El-Khatib', 'Boi-1da', '40', 'Drake']",516,2630.0
523,The Resistance (Remix),Young Sweet Jones,2010-08-06,['Termanology'],['40'],"['Drake', 'Termanology', '40', 'Oliver El-Khatib', 'Boi-1da']",8234679,881461.0
524,The Ride,Take Care,2011-11-15,['The Weeknd'],"['Doc McKinney', 'The Weeknd']","['Drake', 'The Weeknd', 'Doc McKinney', 'Anthony Palman']",55694,10787.0
525,The Search,<single>,2009-07-31,['Saukrates'],['Rich Kidd'],[],50997,
526,These Days,<single>,2016-03-29,['Evil'],[],"['Evil', 'Drake']",2447168,
527,The Usual,Young Sweet Jones 2,,['Trey Songz'],[],"['Drake', 'Trey Songz']",57560,348688.0
528,The Winner,<single>,2009-08-15,[],['Tha Bizness'],"['Tha Bizness', 'Drake']",971,
529,Think Good Thoughts,Comeback Season,2007-09-01,"['Phonte', '\u200beLZhi']",['9th Wonder'],"['9th Wonder', 'Phonte', '\u200beLZhi', 'Drake']",18061,2622.0
530,Thrill Is Gone,Room for Improvement,2006-02-14,[],['AmiR (Producer)'],"['AmiR (Producer)', 'Drake']",5168,2625.0
531,Throw It in the Bag (Remix),<single>,2009-08-18,[],['Shatek'],"['The-Dream', 'Tricky Stewart', 'Drake']",1819365,
532,Tie That Binds,"Honestly, Nevermind",2022-06-17,[],"['Gordo', 'Vlado', 'Ramon Ginton']","['Drake', 'Gordo', 'Ramon Ginton', 'Vlado']",8110898,880669.0
533,Time Flies,Dark Lane Demo Tapes,2020-05-01,[],['OZ'],"['OZ', 'Drake']",5433461,630537.0
534,Time Flies (Demo),<single>,,['Future'],['OZ'],[],5531487,
535,Time Flies (Original),<single>,,['Tory Lanez'],['OZ'],"['OZ', 'Drake', 'Tory Lanez']",6977962,
536,Tim Westwood Freestyle,<single>,2010-06-10,[],[],['Drake'],3279,
537,Tim Westwood Freestyle 2012,<single>,2012-03-28,[],[],['Drake'],69682,
538,To Feel Things,<single>,2019-11-07,[],[],[],5004839,
539,Too Good,Views,2016-04-29,['Rihanna'],"['Nineteen85', 'Supa Dups', 'Maneesh', 'Adam Martin']","['Drake', 'Rihanna', 'Nineteen85', 'Supa Dups', 'Kenza Samir', 'Adam Martin', 'Dre Skull', 'Popcaan', 'Maneesh']",2463402,132506.0
540,Too Good (Demo),<single>,2016-04-30,['Rihanna'],[],[],2465185,
541,Too Good (Solo Demo),<single>,2016-04-30,[],"['Nineteen85', 'Maneesh']",[],4302003,
542,Too Much,Nothing Was the Same,2013-09-24,[],"['Nineteen85', 'Sampha']","['Nineteen85', 'Drake', 'Emile Haynie', 'Sampha']",217750,40475.0
543,Toosie Slide,Dark Lane Demo Tapes,2020-04-03,[],['OZ'],"['Drake', 'OZ']",5402847,630537.0
544,Tough Day at the Office [Rolling Stone Apology],<single>,,[],[],[],362448,
545,Trance (Original),<single>,,"['Travis Scott', 'Young Thug']","['Metro Boomin', 'Allen Ritter']",[],8694308,
546,Trophies,Young Money: Rise of an Empire,2013-12-30,[],"['Hit-Boy', 'Rey Reel', '40', 'Hagler']","['Rey Reel', 'Sharon Abshire', 'Bernard Joseph Gérard', '40', 'Hagler', 'Hit-Boy', 'Drake']",225050,78014.0
547,True Story*,<single>,,[],['Boi-1da'],['Drake'],4631413,
548,Trust Issues,Care Package,2011-06-21,[],"['Adrian X', 'Nikhil Seetharam', 'T-Minus', '40']","['T-Minus', 'Rick Ross', '40', 'Nikhil Seetharam', 'DJ Khaled', 'Lil Wayne', 'Drake']",51360,549691.0
549,Try Harder,Room for Improvement,2006-02-14,[],['AmiR (Producer)'],"['AmiR (Producer)', 'Drake']",5166,2625.0
550,TSU,Certified Lover Boy,2021-09-03,[],"['OG Ron C', 'Noel Cadastre', 'Harley Arsenault']","['OG Ron C', 'Noel Cadastre', 'Timbaland', 'Justin Timberlake', 'Christopher Cross', 'R. Kelly', 'Harley Arsenault', 'Drake']",5312186,585647.0
551,TSU (Demo),<single>,,[],['Noel Cadastre'],"['Noel Cadastre', 'Drake']",7166258,
552,Tuscan Leather,Nothing Was the Same,2013-09-24,[],['40'],"['Steady B', 'KRS-One', 'Linda Thompson', 'Drake', 'Anthony Palman', '40', 'David Foster']",218337,40475.0
553,Tweets About Rolling Stone Interview,<single>,,[],[],[],361793,
554,Tweets With T. Boone Pickens,<single>,,[],[],[],374109,
555,"Two Birds, One Stone",<single>,2016-10-23,[],"['Kanye West', '40']","['Jordan Francis', 'Jon Castelli', '40', 'Kanye West', 'Drake']",2890543,
556,????u,<single>,2019-10-07,[],['PURPLE RIVER'],['Gabriel McDoanld'],5033303,
557,Under Chapels,<single>,,['Young Thug'],['Guh'],['EKA'],7290024,
558,Underdog,Comeback Season,2007-09-01,['Trey Songz'],['DJ Anuedy'],"['DJ Anuedy', 'Trey Songz', 'Drake']",18058,2622.0
559,Under Ground Kings,Take Care,2011-11-11,[],"['40', 'T-Minus']","['Drake', '40', 'T-Minus', 'Anthony Palman']",58340,10787.0
560,Unforgettable,Thank Me Later,2010-06-15,['Jeezy'],"['Boi-1da', '40']","['Drake', 'Jeezy', '40', 'Boi-1da', 'R. Kelly', 'Static Major', 'Ronald Isley', 'Ernie Isley', 'Marvin Isley', 'O’Kelly Isley', 'Rudolph Isley', 'Chris Jasper']",503,2630.0
561,Unfortunate*,<single>,,[],[],['Drake'],4870913,
562,Unstoppable,So Far Gone,2009-02-13,"['Santigold', 'Lil Wayne']","['John Hill', 'Diplo']","['Lil Wayne', 'Santigold', 'Drake', 'Diplo', 'John Hill', 'S. White']",18074,2627.0
563,Up All Night,Thank Me Later,2010-06-15,['Nicki Minaj'],"['Matthew Burnett', 'Boi-1da']","['Nicki Minaj', 'Matthew Burnett', 'Boi-1da', 'Drake']",517,2630.0
564,U.P.A. (Outro),Room for Improvement,2006-02-14,[],['Boi-1da'],"['Boi-1da', 'Drake']",3033405,2625.0
565,Uptown,So Far Gone,2009-02-13,"['Bun B', 'Lil Wayne']","['Arthur McArthur', 'Boi-1da']","['Northern Profit', 'Billy Joel', 'Arthur McArthur', 'Boi-1da', 'Drake', 'Lil Wayne', 'Bun B']",1526,2627.0
566,Used To,If You’re Reading This It’s Too Late,2015-02-13,['Lil Wayne'],['WondaGurl'],"['Marcello Giombini', 'Kenza Samir', 'Quentin Miller', 'Lil Wayne', 'Drake', 'WondaGurl']",685070,119674.0
567,U With Me?,Views,2016-04-29,[],"['40', 'Kanye West', 'OZ', 'Vinylz', 'DJ Dahi', 'Axl Folie', 'Ricci Riera']","['Drake', '40', 'Kanye West', 'Axl Folie', 'Devin Goode', 'Faith Evans', 'Dave Goode', 'Nokio the N-Tity', 'Phillip Weatherspoon', 'Anthony Fields', 'PARTYNEXTDOOR', 'OZ', 'Ricci Riera', 'Vinylz', 'DJ Dahi']",2463396,132506.0
568,Video Girl,Room for Improvement,2006-02-14,[],['Dan “DFS” Johnson'],"['Dan “DFS” Johnson', 'Drake', 'Boi-1da']",5033,2625.0
569,Views,Views,2016-04-29,[],"['Boi-1da', '40', 'Maneesh']","['Drake', '40', 'Boi-1da', 'Maneesh', 'Marvin Winans', 'Kenza Samir', 'Aion Clarke', 'Voyce']",2463394,132506.0
570,Views From The 6,<single>,2014-08-22,[],"['THC', 'DJ Dahi']","['DJ Dahi', 'Ricci Riera', 'Axl Folie', 'Drake']",503220,
571,Vital,<single>,,[],['The 25th Hr'],['Drake'],3630957,
572,Wants and Needs,Scary Hours 2,2021-03-05,['Lil Baby'],"['Cardo', 'Dez Wright', '40']","['Lil Baby', 'Cardo', 'Dez Wright', '40', 'Drake']",6555267,742624.0
573,Wants and Needs ft. Pepto B (REMIX),<single>,2022-12-06,['Pepto B'],"['Cardo', 'Dez Wright', '40']","['Cardo', 'Dez Wright', '40', 'Pepto B']",8620470,
574,War,Dark Lane Demo Tapes,2019-12-24,[],['AXL Beats'],"['AXL Beats', 'Drake']",5113565,630537.0
575,Way 2 Sexy,Certified Lover Boy,2021-09-03,"['Young Thug', 'Future']","['TM88', 'TooDope']","['Drake', 'Young Thug', 'Future', 'TM88', 'TooDope', 'Fred Fairbrass', 'Richard Fairbrass', 'Rob Manzoli']",7139486,585647.0
576,Wednesday Night Interlude,If You’re Reading This It’s Too Late,2015-02-13,['PARTYNEXTDOOR'],['PARTYNEXTDOOR'],"['Ekali', 'PARTYNEXTDOOR']",703746,119674.0
577,We’ll Be Fine,Take Care,2011-11-15,['Birdman'],"['40', 'T-Minus']","['Drake', 'Birdman', '40', 'T-Minus', 'Anthony Palman']",58341,10787.0
578,We Made It Freestyle,Smokers Choice,2013-12-28,['Soulja Boy'],['Purp Dogg'],"['Purp Dogg', 'Soulja Boy', 'Drake']",323145,907729.0
579,We Made It (Remix),Flight School: All-Star 2014,2014-02-14,"['Trae tha Truth', 'Soulja Boy']",[],"['Drake', 'Soulja Boy', 'Trae tha Truth']",450395,82890.0
580,Weston Road Flows,Views,2016-04-29,[],"['40', 'Stwo']","['Drake', '40', 'Stwo', 'Jon Levine', 'Kenza Samir', 'Edgar Key', 'David Carty', 'Mary J. Blige', 'Diddy', 'Chucky Thompson']",2463395,132506.0
581,What a Time to be a Slime,<single>,,['Young Thug'],['Wheezy'],"['Drake', 'Young Thug', 'Wheezy']",5758206,
582,What If I Kissed You,Young Sweet Jones 2,2010-08-06,[],['StarGate'],['Drake'],6181,348688.0
583,What I’m Thinkin’ Right Now,<single>,,[],[],[],3548,
584,What’s Next,Scary Hours 2,2021-03-05,[],"['Maneesh', 'Supah Mario']","['Maneesh', 'Drake']",6515213,742624.0
585,What’s Next (Demo),<single>,,"['Playboi Carti', 'Baby Keem']","['Supah Mario', 'Maneesh']","['Playboi Carti', 'Maneesh', 'Supah Mario', 'Drake', 'Baby Keem']",7169484,
586,What Up,Young Sweet Jones 2,,['UGK'],[],"['Bun B', 'Pimp C', 'Drake']",49944,348688.0
587,When To Say When,Dark Lane Demo Tapes,2020-03-01,[],"['AJ Costly', 'Alonzo “Roxx” Thornhill', 'June The Genius']","['AJ Costly', 'Ralph Johnson', 'Douglas Gibbs', 'Bobby Glenn', 'June The Genius', 'Alonzo “Roxx” Thornhill', 'Drake']",5127477,630537.0
588,Where to Now,Comeback Season,2007-09-01,[],['J\xa0Dilla'],['Drake'],3295,2622.0
589,Where Were You,<single>,,"['Colin Munroe', 'Dawn Richard']","['D10', 'Boi-1da']","['Boi-1da', 'D10', 'Colin Munroe', 'Dawn Richard', 'Drake']",88762,
590,Where Were You (Original),<single>,,['Colin Munroe'],"['D10', 'Boi-1da']",[],49488,
591,With You,Views,2016-04-29,['PARTYNEXTDOOR'],"['Cardiak', 'Nineteen85', 'Murda Beatz']","['Drake', 'PARTYNEXTDOOR', 'Cardiak', 'Murda Beatz', 'Nineteen85']",2463399,132506.0
592,Work No Play,<single>,,[],[],[],7474267,
593,Worst Behavior,Nothing Was the Same,2013-09-24,[],"['Detail', 'DJ Dahi']","['Drake', 'DJ Dahi', 'Detail', 'The Notorious B.I.G.', 'Diddy', 'Ma$e', 'Stevie J', 'Bernard Edwards', 'Nile Rodgers', 'Anthony Palman']",217266,40475.0
594,Would You Love Me,<single>,,['Uness'],['Ryan Leslie'],"['Uness', 'Drake']",61685,
595,Wu-Tang Forever,Nothing Was the Same,2013-09-12,[],['40'],"['James Beliveau', 'Ray Anthony Smith', 'Tyrone Armstrong', 'Thorir Baldursson', 'Mats Björklund', 'Jürgen Korduletsch', 'Jeremy Rose', 'Raekwon', 'Ghostface Killah', 'U-God', 'Inspectah Deck', 'RZA', '40', 'Anthony Palman', 'Drake']",214307,40475.0
596,Wu-Tang Forever (Remix),<single>,2016-01-16,['A$AP Rocky'],['40'],"['A$AP Rocky', 'Drake']",2408424,
597,Yamaha Mama,<single>,2012-05-25,['Chris Brown'],['Polow da Don'],"['Chris Brown', 'Drake']",75333,
598,Yikes (Reference),<single>,,[],"['Apex Martin', 'MIKE DEAN', 'Kanye West', 'Pi’erre Bourne']","['Kanye West', 'MIKE DEAN', 'James Mbarack Achieng', 'Ayub Ogada', 'CyHi', 'Consequence', 'Malik Yusef', '070 Shake', 'Pi’erre Bourne', 'Apex Martin', 'Kenneth Pershon', 'Bump J', 'Pardison Fontaine', 'Drake']",7125228,
599,You Got Me,<single>,,"['Sacario', 'Promise']",['KEEYNOTE'],[],436230,
600,"You Know, You Know",Young Sweet Jones,2016-08-17,[],['Kanye West'],"['Kanye West', 'Drake']",909,881461.0
601,You Only Live Twice,Certified Lover Boy,2021-09-03,"['Rick Ross', 'Lil Wayne']","['Brian “B-Nasty” Reid', 'Bink!']","['Brian “B-Nasty” Reid', 'Bink!', 'Rick Ross', 'Lil Wayne', 'Drake']",7165563,585647.0
602,You & The 6,If You’re Reading This It’s Too Late,2015-02-13,[],"['Vinylz', 'Allen Ritter', '!llmind', '40', 'Boi-1da']","['Majid Jordan', 'Jenna Andrews', 'Jordan Ullman', 'Allen Ritter', 'Vinylz', 'Ransom', '40', '!llmind', 'Boi-1da', 'Drake']",703755,119674.0
603,Zane Lowe Interview,<single>,,['Zane Lowe'],[],[],2464103,
604,Zodiac Sign,<single>,,['Jessie Reyez'],[],"['Jessie Reyez', 'Drake']",5362793,
605,Zone,Black Diamond 8 (Audible Narcotic),,[],[],[],50790,924577.0
